-- phpMyAdmin SQL Dump
-- version 5.2.0
-- https://www.phpmyadmin.net/
--
-- Host: 127.0.0.1
-- Generation Time: Mar 29, 2023 at 02:05 PM
-- Server version: 10.4.25-MariaDB
-- PHP Version: 8.1.10

SET SQL_MODE = "NO_AUTO_VALUE_ON_ZERO";
START TRANSACTION;
SET time_zone = "+00:00";


/*!40101 SET @OLD_CHARACTER_SET_CLIENT=@@CHARACTER_SET_CLIENT */;
/*!40101 SET @OLD_CHARACTER_SET_RESULTS=@@CHARACTER_SET_RESULTS */;
/*!40101 SET @OLD_COLLATION_CONNECTION=@@COLLATION_CONNECTION */;
/*!40101 SET NAMES utf8mb4 */;

--
-- Database: `stylist_commerce`
--

-- --------------------------------------------------------

--
-- Table structure for table `blog`
--

CREATE TABLE `blog` (
  `id` int(11) NOT NULL,
  `categoty_id` int(11) NOT NULL,
  `content` text NOT NULL,
  `title` varchar(255) NOT NULL
) ENGINE=InnoDB DEFAULT CHARSET=utf8mb4;

-- --------------------------------------------------------

--
-- Table structure for table `booking`
--

CREATE TABLE `booking` (
  `id` int(11) NOT NULL,
  `user_id` int(11) NOT NULL,
  `amount` float NOT NULL,
  `status` varchar(12) NOT NULL DEFAULT 'pending',
  `currency` varchar(12) NOT NULL DEFAULT 'EURO',
  `tel` varchar(255) NOT NULL,
  `name` varchar(255) NOT NULL,
  `adress` varchar(255) NOT NULL,
  `zip_code` varchar(45) NOT NULL,
  `description` text NOT NULL,
  `date_time` varchar(255) NOT NULL,
  `location` varchar(255) NOT NULL,
  `email` varchar(255) NOT NULL,
  `created_at` timestamp NOT NULL DEFAULT current_timestamp(),
  `admit` varchar(11) NOT NULL DEFAULT 'no',
  `deleted_by_admin` tinyint(11) NOT NULL DEFAULT 0,
  `deleted_by_stylist` tinyint(11) NOT NULL DEFAULT 0
) ENGINE=InnoDB DEFAULT CHARSET=utf8mb4;

--
-- Dumping data for table `booking`
--

INSERT INTO `booking` (`id`, `user_id`, `amount`, `status`, `currency`, `tel`, `name`, `adress`, `zip_code`, `description`, `date_time`, `location`, `email`, `created_at`, `admit`, `deleted_by_admin`, `deleted_by_stylist`) VALUES
(38, 16, 50, 'pending', 'EURO', '568468', 'loic', 'tkc rond point ', '4563', 'klkabgilak', '2022-12-15 11:00:00', 'Berlin Berlin', 'manojkbjask@gmail.com', '2022-12-09 17:56:52', 'yes', 0, 0),
(39, 13, 715, 'cancelled', 'EURO', '237 6954 666 52', 'manologue', 'tkc rond point 7411', '4563', 'lsbdiobk', '2022-12-13 10:00:00', 'Berlin Berlin', 'sshitenst@yahoo.fr', '2022-12-09 18:01:26', 'yes', 0, 0),
(40, 16, 95, 'pending', 'EURO', '237 6954 666 52', 'mc', '4651', '45663', 'kdsnlk', '2022-12-16 10:30:00', 'Berlin Berlin', 'manoahitenst@yahoo.fr', '2022-12-11 13:30:07', 'yes', 0, 0),
(41, 16, 50, 'pending', 'EURO', 'IOUGO', 'qer3', 'jweblk', '45687', 'dwdwdw', '2022-12-15 11:00:00', 'Berlin Berlin', 'molo@gmail.com', '2022-12-11 13:35:06', 'yes', 0, 0),
(42, 16, 50, 'cancelled', 'EURO', '52333', 'manologue', 'tkc rond point 7411', '41', 'ioibuio', '2022-12-15 12:00:00', 'Berlin Berlin', 'yoshi@thenetninja.co.uk', '2022-12-11 13:38:14', 'yes', 0, 0),
(43, 16, 50, 'cancelled', 'EURO', 'wwie', 'wjhd ', 'iubi', 'biew', 'iobweio', '2022-12-15 12:00:00', 'Berlin Berlin', 'oipwo@gmail.com', '2022-12-11 13:44:52', 'yes', 0, 0),
(44, 12, 20, 'pending', 'EURO', '237 6954 666 52', 'ugiqwa', 'kqbk', '49469', 'qiodqoie', '2022-12-14 12:00:00', 'Aach Baden-Württemberg', 'molo@gmail.com', '2022-12-11 20:55:16', 'yes', 0, 0),
(45, 13, 20, 'cancelled', 'EURO', '237 6954 666 52', 'loic', 'kjkgagiogsioagsiowgiodwhqodhqwiodioqh qwihdo qhwpoqjp dqpo dhqp h pqhi qh diohqo', '4123', 'gw8egw8oe', '2023-01-04 12:00:00', 'Aach Baden-Württemberg', 'moumi.itendji@ictuniversity.org', '2022-12-30 12:29:44', 'yes', 0, 0);

-- --------------------------------------------------------

--
-- Table structure for table `booking_report`
--

CREATE TABLE `booking_report` (
  `id` int(11) NOT NULL,
  `booking_id` int(11) NOT NULL,
  `service_price` int(11) NOT NULL,
  `service_id` int(11) NOT NULL,
  `service_title` varchar(255) NOT NULL,
  `quantity` int(11) NOT NULL
) ENGINE=InnoDB DEFAULT CHARSET=utf8mb4;

--
-- Dumping data for table `booking_report`
--

INSERT INTO `booking_report` (`id`, `booking_id`, `service_price`, `service_id`, `service_title`, `quantity`) VALUES
(33, 38, 50, 130, 'love bridal ', 1),
(34, 39, 315, 126, 'lotion soda cup', 7),
(35, 39, 400, 127, 'bridal with cercles and flowers', 4),
(36, 40, 50, 130, 'love bridal ', 1),
(37, 40, 45, 131, 'loko on fire and hood', 1),
(38, 41, 50, 130, 'love bridal ', 1),
(39, 42, 50, 130, 'love bridal ', 1),
(40, 43, 50, 130, 'love bridal ', 1),
(41, 44, 20, 120, 'bridal with cercles', 1),
(42, 45, 20, 120, 'bridal with cercles', 1);

-- --------------------------------------------------------

--
-- Table structure for table `category`
--

CREATE TABLE `category` (
  `id` int(11) NOT NULL,
  `title` varchar(255) NOT NULL,
  `image` varchar(255) NOT NULL DEFAULT 'blank.png',
  `published` tinyint(4) NOT NULL DEFAULT 1,
  `seo_title` varchar(255) NOT NULL,
  `description` text NOT NULL,
  `content` text NOT NULL
) ENGINE=InnoDB DEFAULT CHARSET=utf8mb4;

--
-- Dumping data for table `category`
--

INSERT INTO `category` (`id`, `title`, `image`, `published`, `seo_title`, `description`, `content`) VALUES
(19, 'braiding', '9917e976d33d2ef6d2d554c321ef1028.jpg', 1, 'braiding', 'Lorem ipsum dolor sit amet consectetur, adipisicing elit. Dolorum officiis quae nesciunt voluptas animi molestias perspiciatis beatae nisi ipsa quaerat!', ''),
(20, 'Women\'s haircut', '4c5dc50719412cd1647d5b8c25cfab67.jpg', 1, 'womens-haircut', 'Lorem ipsum dolor sit amet consectetur, adipisicing elit. Dolorum officiis quae nesciunt voluptas animi molestias perspiciatis beatae nisi ipsa quaerat!', ''),
(21, 'Women\'s hairstyle', 'woman-659352_1920.jpg', 1, 'womens-hairstyle', 'Lorem ipsum dolor sit amet consectetur, adipisicing elit. Dolorum officiis quae nesciunt voluptas animi molestias perspiciatis beatae nisi ipsa quaerat!', ''),
(24, 'Bridal hairstyle', 'bride-4634446_19202.jpg', 1, 'bridal-hairstyle', 'Lorem ipsum dolor sit amet consectetur, adipisicing elit. Dolorum officiis quae nesciunt voluptas animi molestias perspiciatis beatae nisi ipsa quaerat!', ''),
(27, 'sr', 'blank.png', 1, 'sr', 'dff', '');

-- --------------------------------------------------------

--
-- Table structure for table `day`
--

CREATE TABLE `day` (
  `id` int(11) NOT NULL,
  `name` varchar(40) NOT NULL
) ENGINE=InnoDB DEFAULT CHARSET=utf8mb4;

--
-- Dumping data for table `day`
--

INSERT INTO `day` (`id`, `name`) VALUES
(1, 'monday'),
(2, 'tuesday'),
(3, 'wednesday'),
(4, 'thursday'),
(5, 'friday'),
(6, 'saturday'),
(7, 'sunday');

-- --------------------------------------------------------

--
-- Table structure for table `gallery`
--

CREATE TABLE `gallery` (
  `id` int(11) NOT NULL,
  `image` varchar(255) NOT NULL,
  `user_id` int(11) NOT NULL
) ENGINE=InnoDB DEFAULT CHARSET=utf8mb4;

--
-- Dumping data for table `gallery`
--

INSERT INTO `gallery` (`id`, `image`, `user_id`) VALUES
(33, 'bride-4634446_19203.jpg', 12),
(34, 'hairdresser-3173438_1920.jpg', 12),
(37, 'haircut-834280.jpg', 12),
(38, '9917e976d33d2ef6d2d554c321ef10281.jpg', 14),
(39, '4c5dc50719412cd1647d5b8c25cfab671.jpg', 14),
(40, 'girl-2961959.jpg', 14),
(41, '4c5dc50719412cd1647d5b8c25cfab672.jpg', 14),
(42, 'woman-1132617.jpg', 14),
(43, 'hairdresser-3173438_19201.jpg', 16),
(44, 'bride-4634446_19204.jpg', 16),
(45, 'pexels-angela-roma-73192942.jpg', 18);

-- --------------------------------------------------------

--
-- Table structure for table `location`
--

CREATE TABLE `location` (
  `name` varchar(255) NOT NULL,
  `state` varchar(255) NOT NULL
) ENGINE=InnoDB DEFAULT CHARSET=utf8mb4;

--
-- Dumping data for table `location`
--

INSERT INTO `location` (`name`, `state`) VALUES
('Aachen', 'North Rhine-Westphalia'),
('Aach', 'Baden-Württemberg'),
('Aalen', 'Baden-Württemberg'),
('Abenberg', 'Bavaria'),
('Abensberg', 'Bavaria'),
('Achern', 'Baden-Württemberg'),
('Achim', 'Lower Saxony'),
('Adelsheim', 'Baden-Württemberg'),
('Adenau', 'Rhineland-Palatinate'),
('Adorf', 'Saxony'),
('Ahaus', 'North Rhine-Westphalia'),
('Ahlen', 'North Rhine-Westphalia'),
('Ahrensburg', 'Schleswig-Holstein'),
('Aichach', 'Bavaria'),
('Aichtal', 'Baden-Württemberg'),
('Aken', 'Saxony-Anhalt'),
('Albstadt', 'Baden-Württemberg'),
('Alfeld', 'Lower Saxony'),
('Allendorf', 'Hesse'),
('Allstedt', 'Saxony-Anhalt'),
('Alpirsbach', 'Baden-Württemberg'),
('Alsdorf', 'North Rhine-Westphalia'),
('Alsfeld', 'Hesse'),
('Alsleben', 'Saxony-Anhalt'),
('Altdorf bei Nürnberg', 'Bavaria'),
('Altena', 'North Rhine-Westphalia'),
('Altenberg', 'Saxony'),
('Altenburg', 'Thuringia'),
('Altenkirchen', 'Rhineland-Palatinate'),
('Altensteig', 'Baden-Württemberg'),
('Altentreptow', 'Mecklenburg-Western Pomerania'),
('Altlandsberg', 'Brandenburg'),
('Altötting', 'Bavaria'),
('Alzenau', 'Bavaria'),
('Alzey', 'Rhineland-Palatinate'),
('Amberg', 'Bavaria'),
('Amorbach', 'Bavaria'),
('Amt Creuzburg', 'Thuringia'),
('Amöneburg', 'Hesse'),
('An der Schmücke', 'Thuringia'),
('Andernach', 'Rhineland-Palatinate'),
('Angermünde', 'Brandenburg'),
('Anklam', 'Mecklenburg-Western Pomerania'),
('Annaberg-Buchholz', 'Saxony'),
('Annaburg', 'Saxony-Anhalt'),
('Annweiler am Trifels', 'Rhineland-Palatinate'),
('Ansbach', 'Bavaria'),
('Apolda', 'Thuringia'),
('Arendsee', 'Saxony-Anhalt'),
('Arneburg', 'Saxony-Anhalt'),
('ArnisArnæs', 'Schleswig-Holstein'),
('Arnsberg', 'North Rhine-Westphalia'),
('Arnstadt', 'Thuringia'),
('Arnstein', 'Bavaria'),
('Arnstein', 'Saxony-Anhalt'),
('Artern', 'Thuringia'),
('Arzberg', 'Bavaria'),
('Aschaffenburg', 'Bavaria'),
('Aschersleben', 'Saxony-Anhalt'),
('Asperg', 'Baden-Württemberg'),
('Attendorn', 'North Rhine-Westphalia'),
('Aub', 'Bavaria'),
('Aue-Bad Schlema', 'Saxony'),
('Auerbach in der Oberpfalz', 'Bavaria'),
('Auerbach', 'Saxony'),
('Augsburg', 'Bavaria'),
('Augustusburg', 'Saxony'),
('Aulendorf', 'Baden-Württemberg'),
('Auma-Weidatal', 'Thuringia'),
('Aurich', 'Lower Saxony'),
('Aßlar', 'Hesse'),
('Babenhausen', 'Hesse'),
('Bacharach', 'Rhineland-Palatinate'),
('Backnang', 'Baden-Württemberg'),
('Bad Aibling', 'Bavaria'),
('Bad Arolsen', 'Hesse'),
('Bad Belzig', 'Brandenburg'),
('Bad Bentheim', 'Lower Saxony'),
('Bad Bergzabern', 'Rhineland-Palatinate'),
('Bad Berka', 'Thuringia'),
('Bad Berleburg', 'North Rhine-Westphalia'),
('Bad Berneck i.Fichtelgebirge', 'Bavaria'),
('Bad Bevensen', 'Lower Saxony'),
('Bad Bibra', 'Saxony-Anhalt'),
('Bad Blankenburg', 'Thuringia'),
('Bad Bramstedt', 'Schleswig-Holstein'),
('Bad Breisig', 'Rhineland-Palatinate'),
('Bad Brückenau', 'Bavaria'),
('Bad Buchau', 'Baden-Württemberg'),
('Bad Camberg', 'Hesse'),
('Bad Doberan', 'Mecklenburg-Western Pomerania'),
('Bad Driburg', 'North Rhine-Westphalia'),
('Bad Düben', 'Saxony'),
('Bad Dürkheim', 'Rhineland-Palatinate'),
('Bad Dürrenberg', 'Saxony-Anhalt'),
('Bad Dürrheim', 'Baden-Württemberg'),
('Bad Elster', 'Saxony'),
('Bad Ems', 'Rhineland-Palatinate'),
('Bad Fallingbostel', 'Lower Saxony'),
('Bad Frankenhausen', 'Thuringia'),
('Bad Freienwalde', 'Brandenburg'),
('Bad Friedrichshall', 'Baden-Württemberg'),
('Bad Gandersheim', 'Lower Saxony'),
('Bad Gottleuba-Berggießhübel', 'Saxony'),
('Bad Griesbach im Rottal', 'Bavaria'),
('Bad Harzburg', 'Lower Saxony'),
('Bad Herrenalb', 'Baden-Württemberg'),
('Bad Hersfeld', 'Hesse'),
('Bad Homburg v. d. Höhe', 'Hesse'),
('Bad Honnef', 'North Rhine-Westphalia'),
('Bad Hönningen', 'Rhineland-Palatinate'),
('Bad Iburg', 'Lower Saxony'),
('Bad Karlshafen', 'Hesse'),
('Bad Kissingen', 'Bavaria'),
('Bad Kreuznach', 'Rhineland-Palatinate'),
('Bad Krozingen', 'Baden-Württemberg'),
('Bad Königshofen', 'Bavaria'),
('Bad König', 'Hesse'),
('Bad Köstritz', 'Thuringia'),
('Bad Kötzting', 'Bavaria'),
('Bad Laasphe', 'North Rhine-Westphalia'),
('Bad Langensalza', 'Thuringia'),
('Bad Lauchstädt', 'Saxony-Anhalt'),
('Bad Lausick', 'Saxony'),
('Bad Lauterberg', 'Lower Saxony'),
('Bad Liebenstein', 'Thuringia'),
('Bad Liebenwerda', 'Brandenburg'),
('Bad Liebenzell', 'Baden-Württemberg'),
('Bad Lippspringe', 'North Rhine-Westphalia'),
('Bad Lobenstein', 'Thuringia'),
('Bad Marienberg', 'Rhineland-Palatinate'),
('Bad Mergentheim', 'Baden-Württemberg'),
('Bad Muskau', 'Saxony'),
('Bad Münder', 'Lower Saxony'),
('Bad Münstereifel', 'North Rhine-Westphalia'),
('Bad Nauheim', 'Hesse'),
('Bad Nenndorf', 'Lower Saxony'),
('Bad Neuenahr-Ahrweiler', 'Rhineland-Palatinate'),
('Bad Neustadt an der Saale', 'Bavaria'),
('Bad Oeynhausen', 'North Rhine-Westphalia'),
('Bad Oldesloe', 'Schleswig-Holstein'),
('Bad Orb', 'Hesse'),
('Bad Pyrmont', 'Lower Saxony'),
('Bad Rappenau', 'Baden-Württemberg'),
('Bad Reichenhall', 'Bavaria'),
('Bad Rodach', 'Bavaria'),
('Bad Sachsa', 'Lower Saxony'),
('Bad Salzdetfurth', 'Lower Saxony'),
('Bad Salzuflen', 'North Rhine-Westphalia'),
('Bad Salzungen', 'Thuringia'),
('Bad Saulgau', 'Baden-Württemberg'),
('Bad Schandau', 'Saxony'),
('Bad Schmiedeberg', 'Saxony-Anhalt'),
('Bad Schussenried', 'Baden-Württemberg'),
('Bad Schwalbach', 'Hesse'),
('Bad Schwartau', 'Schleswig-Holstein'),
('Bad Segeberg', 'Schleswig-Holstein'),
('Bad Sobernheim', 'Rhineland-Palatinate'),
('Bad Soden-Salmünster', 'Hesse'),
('Bad Soden', 'Hesse'),
('Bad Sooden-Allendorf', 'Hesse'),
('Bad Staffelstein', 'Bavaria'),
('Bad Sulza', 'Thuringia'),
('Bad Säckingen', 'Baden-Württemberg'),
('Bad Sülze', 'Mecklenburg-Western Pomerania'),
('Bad Teinach-Zavelstein', 'Baden-Württemberg'),
('Bad Tennstedt', 'Thuringia'),
('Bad Tölz', 'Bavaria'),
('Bad Urach', 'Baden-Württemberg'),
('Bad Vilbel', 'Hesse'),
('Bad Waldsee', 'Baden-Württemberg'),
('Bad Wildbad', 'Baden-Württemberg'),
('Bad Wildungen', 'Hesse'),
('Bad Wilsnack', 'Brandenburg'),
('Bad Wimpfen', 'Baden-Württemberg'),
('Bad Windsheim', 'Bavaria'),
('Bad Wurzach', 'Baden-Württemberg'),
('Bad Wörishofen', 'Bavaria'),
('Bad Wünnenberg', 'North Rhine-Westphalia'),
('Baden-Baden', 'Baden-Württemberg'),
('Baesweiler', 'North Rhine-Westphalia'),
('Baiersdorf', 'Bavaria'),
('Balingen', 'Baden-Württemberg'),
('Ballenstedt', 'Saxony-Anhalt'),
('Balve', 'North Rhine-Westphalia'),
('Bamberg', 'Bavaria'),
('Barby', 'Saxony-Anhalt'),
('Bargteheide', 'Schleswig-Holstein'),
('Barmstedt', 'Schleswig-Holstein'),
('Barntrup', 'North Rhine-Westphalia'),
('Barsinghausen', 'Lower Saxony'),
('Barth', 'Mecklenburg-Western Pomerania'),
('Baruth/Mark', 'Brandenburg'),
('Bassum', 'Lower Saxony'),
('Battenberg', 'Hesse'),
('Baumholder', 'Rhineland-Palatinate'),
('Baunach', 'Bavaria'),
('Baunatal', 'Hesse'),
('Bautzen', 'Saxony'),
('Bayreuth', 'Bavaria'),
('Bebra', 'Hesse'),
('Beckum', 'North Rhine-Westphalia'),
('Bedburg', 'North Rhine-Westphalia'),
('Beelitz', 'Brandenburg'),
('Beeskow', 'Brandenburg'),
('Beilngries', 'Bavaria'),
('Beilstein', 'Baden-Württemberg'),
('Belgern-Schildau', 'Saxony'),
('Bendorf', 'Rhineland-Palatinate'),
('Bensheim', 'Hesse'),
('Berching', 'Bavaria'),
('Berga', 'Thuringia'),
('Bergen auf Rügen', 'Mecklenburg-Western Pomerania'),
('Bergen', 'Lower Saxony'),
('Bergheim', 'North Rhine-Westphalia'),
('Bergisch Gladbach', 'North Rhine-Westphalia'),
('Bergkamen', 'North Rhine-Westphalia'),
('Bergneustadt', 'North Rhine-Westphalia'),
('Berlin', 'Berlin'),
('Bernau bei Berlin', 'Brandenburg'),
('Bernburg', 'Saxony-Anhalt'),
('Bernkastel-Kues', 'Rhineland-Palatinate'),
('Bernsdorf', 'Saxony'),
('Bernstadt auf dem Eigen', 'Saxony'),
('Bersenbrück', 'Lower Saxony'),
('Besigheim', 'Baden-Württemberg'),
('Betzdorf', 'Rhineland-Palatinate'),
('Betzenstein', 'Bavaria'),
('Beverungen', 'North Rhine-Westphalia'),
('Bexbach', 'Saarland'),
('Biberach an der Riss', 'Baden-Württemberg'),
('Biedenkopf', 'Hesse'),
('Bielefeld', 'North Rhine-Westphalia'),
('Biesenthal', 'Brandenburg'),
('Bietigheim-Bissingen', 'Baden-Württemberg'),
('Billerbeck', 'North Rhine-Westphalia'),
('Bingen am Rhein', 'Rhineland-Palatinate'),
('Birkenfeld', 'Rhineland-Palatinate'),
('Bischofsheim i.d.Rhön', 'Bavaria'),
('Bischofswerda', 'Saxony'),
('Bismark', 'Saxony-Anhalt'),
('Bitburg', 'Rhineland-Palatinate'),
('Bitterfeld-Wolfen', 'Saxony-Anhalt'),
('Blankenburg', 'Saxony-Anhalt'),
('Blankenhain', 'Thuringia'),
('Blaubeuren', 'Baden-Württemberg'),
('Blaustein', 'Baden-Württemberg'),
('Bleckede', 'Lower Saxony'),
('Bleicherode', 'Thuringia'),
('Blieskastel', 'Saarland'),
('Blomberg', 'North Rhine-Westphalia'),
('Blumberg', 'Baden-Württemberg'),
('Bobingen', 'Bavaria'),
('Bocholt', 'North Rhine-Westphalia'),
('Bochum', 'North Rhine-Westphalia'),
('Bockenem', 'Lower Saxony'),
('Bodenwerder', 'Lower Saxony'),
('Bogen', 'Bavaria'),
('Boizenburg', 'Mecklenburg-Western Pomerania'),
('Bonndorf im Schwarzwald', 'Baden-Württemberg'),
('Bonn', 'North Rhine-Westphalia'),
('Bopfingen', 'Baden-Württemberg'),
('Boppard', 'Rhineland-Palatinate'),
('Borgentreich', 'North Rhine-Westphalia'),
('Borgholzhausen', 'North Rhine-Westphalia'),
('Borken', 'Hesse'),
('Borken', 'North Rhine-Westphalia'),
('Borkum', 'Lower Saxony'),
('Borna', 'Saxony'),
('Bornheim', 'North Rhine-Westphalia'),
('Bottrop', 'North Rhine-Westphalia'),
('Boxberg', 'Baden-Württemberg'),
('Brackenheim', 'Baden-Württemberg'),
('Brakel', 'North Rhine-Westphalia'),
('Brake', 'Lower Saxony'),
('Bramsche', 'Lower Saxony'),
('Brand-Erbisdorf', 'Saxony'),
('Brandenburg an der Havel', 'Brandenburg'),
('Brandis', 'Saxony'),
('Braubach', 'Rhineland-Palatinate'),
('Braunfels', 'Hesse'),
('Braunlage', 'Lower Saxony'),
('Braunsbedra', 'Saxony-Anhalt'),
('Breckerfeld', 'North Rhine-Westphalia'),
('BredstedtBräist / Bredsted', 'Schleswig-Holstein'),
('Breisach', 'Baden-Württemberg'),
('Bremen', 'Bremen'),
('Bremerhaven', 'Bremen'),
('Bremervörde', 'Lower Saxony'),
('Bretten', 'Baden-Württemberg'),
('Breuberg', 'Hesse'),
('Brilon', 'North Rhine-Westphalia'),
('Brotterode-Trusetal', 'Thuringia'),
('Bruchköbel', 'Hesse'),
('Bruchsal', 'Baden-Württemberg'),
('Brunsbüttel', 'Schleswig-Holstein'),
('Brunswick', 'Lower Saxony'),
('Bräunlingen', 'Baden-Württemberg'),
('Brück', 'Brandenburg'),
('Brüel', 'Mecklenburg-Western Pomerania'),
('Brühl', 'North Rhine-Westphalia'),
('Brüssow', 'Brandenburg'),
('Buchen', 'Baden-Württemberg'),
('Buchholz in der Nordheide', 'Lower Saxony'),
('Buchloe', 'Bavaria'),
('Buckow', 'Brandenburg'),
('Burg Stargard', 'Mecklenburg-Western Pomerania'),
('Burgau', 'Bavaria'),
('Burgbernheim', 'Bavaria'),
('Burgdorf', 'Lower Saxony'),
('Burghausen', 'Bavaria'),
('Burgkunstadt', 'Bavaria'),
('Burglengenfeld', 'Bavaria'),
('Burgstädt', 'Saxony'),
('Burgwedel', 'Lower Saxony'),
('Burg', 'Saxony-Anhalt'),
('Burladingen', 'Baden-Württemberg'),
('Burscheid', 'North Rhine-Westphalia'),
('Butzbach', 'Hesse'),
('Bärnau', 'Bavaria'),
('Böblingen', 'Baden-Württemberg'),
('Böhlen', 'Saxony'),
('Bönnigheim', 'Baden-Württemberg'),
('Bückeburg', 'Lower Saxony'),
('Büdelsdorf', 'Schleswig-Holstein'),
('Büdingen', 'Hesse'),
('Bühl', 'Baden-Württemberg'),
('Bünde', 'North Rhine-Westphalia'),
('Büren', 'North Rhine-Westphalia'),
('Bürgel', 'Thuringia'),
('Bürstadt', 'Hesse'),
('Bützow', 'Mecklenburg-Western Pomerania'),
('Calau', 'Brandenburg'),
('Calbe', 'Saxony-Anhalt'),
('Calw', 'Baden-Württemberg'),
('Castrop-Rauxel', 'North Rhine-Westphalia'),
('Celle', 'Lower Saxony'),
('Cham', 'Bavaria'),
('Chemnitz', 'Saxony'),
('Clausthal-Zellerfeld', 'Lower Saxony'),
('Clingen', 'Thuringia'),
('Cloppenburg', 'Lower Saxony'),
('Coburg', 'Bavaria'),
('Cochem', 'Rhineland-Palatinate'),
('Coesfeld', 'North Rhine-Westphalia'),
('Colditz', 'Saxony'),
('Cologne', 'North Rhine-Westphalia'),
('Constance', 'Baden-Württemberg'),
('Coswig', 'Saxony'),
('Coswig', 'Saxony-Anhalt'),
('Cottbus/Chóśebuz', 'Brandenburg'),
('Crailsheim', 'Baden-Württemberg'),
('Creglingen', 'Baden-Württemberg'),
('Creußen', 'Bavaria'),
('Crimmitschau', 'Saxony'),
('Crivitz', 'Mecklenburg-Western Pomerania'),
('Cuxhaven', 'Lower Saxony'),
('Daaden', 'Rhineland-Palatinate'),
('Dachau, Bavaria', 'Bavaria'),
('Dahlen', 'Saxony'),
('Dahme', 'Brandenburg'),
('Dahn', 'Rhineland-Palatinate'),
('Damme', 'Lower Saxony'),
('Dannenberg', 'Lower Saxony'),
('Dargun', 'Mecklenburg-Western Pomerania'),
('Darmstadt', 'Hesse'),
('Dassel', 'Lower Saxony'),
('Dassow', 'Mecklenburg-Western Pomerania'),
('Datteln', 'North Rhine-Westphalia'),
('Daun', 'Rhineland-Palatinate'),
('Deggendorf', 'Bavaria'),
('Deidesheim', 'Rhineland-Palatinate'),
('Delbrück', 'North Rhine-Westphalia'),
('Delitzsch', 'Saxony'),
('Delmenhorst', 'Lower Saxony'),
('Demmin', 'Mecklenburg-Western Pomerania'),
('Dessau-Roßlau', 'Saxony-Anhalt'),
('Detmold', 'North Rhine-Westphalia'),
('Dettelbach', 'Bavaria'),
('Dieburg', 'Hesse'),
('Diemelstadt', 'Hesse'),
('Diepholz', 'Lower Saxony'),
('Dierdorf', 'Rhineland-Palatinate'),
('Dietenheim', 'Baden-Württemberg'),
('Dietfurt a.d. Altmühl', 'Bavaria'),
('Dietzenbach', 'Hesse'),
('Diez, Germany', 'Rhineland-Palatinate'),
('Dillenburg', 'Hesse'),
('Dillingen an der Donau', 'Bavaria'),
('Dillingen', 'Saarland'),
('Dingelstädt', 'Thuringia'),
('Dingolfing', 'Bavaria'),
('Dinkelsbühl', 'Bavaria'),
('Dinklage', 'Lower Saxony'),
('Dinslaken', 'North Rhine-Westphalia'),
('Dippoldiswalde', 'Saxony'),
('Dissen, Lower Saxony', 'Lower Saxony'),
('Ditzingen', 'Baden-Württemberg'),
('Doberlug-Kirchhain', 'Brandenburg'),
('Dohna', 'Saxony'),
('Dommitzsch', 'Saxony'),
('Donaueschingen', 'Baden-Württemberg'),
('Donauwörth', 'Bavaria'),
('Donzdorf', 'Baden-Württemberg'),
('Dorfen', 'Bavaria'),
('Dormagen', 'North Rhine-Westphalia'),
('Dornburg-Camburg', 'Thuringia'),
('Dornhan', 'Baden-Württemberg'),
('Dornstetten', 'Baden-Württemberg'),
('Dorsten', 'North Rhine-Westphalia'),
('Dortmund', 'North Rhine-Westphalia'),
('Dransfeld', 'Lower Saxony'),
('Drebkau', 'Brandenburg'),
('Dreieich', 'Hesse'),
('Drensteinfurt', 'North Rhine-Westphalia'),
('Dresden', 'Saxony'),
('Drolshagen', 'North Rhine-Westphalia'),
('Duderstadt', 'Lower Saxony'),
('Duisburg', 'North Rhine-Westphalia'),
('Döbeln', 'Saxony'),
('Döbern', 'Brandenburg'),
('Dömitz', 'Mecklenburg-Western Pomerania'),
('Dülmen', 'North Rhine-Westphalia'),
('Düren', 'North Rhine-Westphalia'),
('Düsseldorf', 'North Rhine-Westphalia'),
('Ebeleben', 'Thuringia'),
('Eberbach', 'Baden-Württemberg'),
('Ebermannstadt', 'Bavaria'),
('Ebern', 'Bavaria'),
('Ebersbach an der Fils', 'Baden-Württemberg'),
('Ebersbach-Neugersdorf', 'Saxony'),
('Ebersberg', 'Bavaria'),
('Eberswalde', 'Brandenburg'),
('Eckartsberga', 'Saxony-Anhalt'),
('Eckernförde Eckernföör, Egernførde', 'Schleswig-Holstein'),
('Edenkoben', 'Rhineland-Palatinate'),
('Egeln', 'Saxony-Anhalt'),
('Eggenfelden', 'Bavaria'),
('Eggesin', 'Mecklenburg-Western Pomerania'),
('Ehingen', 'Baden-Württemberg'),
('Ehrenfriedersdorf', 'Saxony'),
('Eibelstadt', 'Bavaria'),
('Eibenstock', 'Saxony'),
('Eichstätt', 'Bavaria'),
('Eilenburg', 'Saxony'),
('Einbeck', 'Lower Saxony'),
('Eisenach', 'Thuringia'),
('Eisenberg', 'Rhineland-Palatinate'),
('Eisenberg', 'Thuringia'),
('Eisenhüttenstadt', 'Brandenburg'),
('Eisfeld', 'Thuringia'),
('Eisleben', 'Saxony-Anhalt'),
('Eislingen', 'Baden-Württemberg'),
('Ellingen', 'Bavaria'),
('Ellrich', 'Thuringia'),
('Ellwangen', 'Baden-Württemberg'),
('Elmshorn', 'Schleswig-Holstein'),
('Elsdorf', 'North Rhine-Westphalia'),
('Elsfleth', 'Lower Saxony'),
('Elsterberg', 'Saxony'),
('Elsterwerda', 'Brandenburg'),
('Elstra', 'Saxony'),
('Elterlein', 'Saxony'),
('Eltmann', 'Bavaria'),
('Eltville', 'Hesse'),
('Elzach', 'Baden-Württemberg'),
('Elze', 'Lower Saxony'),
('Emden', 'Lower Saxony'),
('Emmelshausen', 'Rhineland-Palatinate'),
('Emmendingen', 'Baden-Württemberg'),
('Emmerich', 'North Rhine-Westphalia'),
('Emsdetten', 'North Rhine-Westphalia'),
('Endingen', 'Baden-Württemberg'),
('Engen', 'Baden-Württemberg'),
('Enger', 'North Rhine-Westphalia'),
('Ennepetal', 'North Rhine-Westphalia'),
('Ennigerloh', 'North Rhine-Westphalia'),
('Eppelheim', 'Baden-Württemberg'),
('Eppingen', 'Baden-Württemberg'),
('Eppstein', 'Hesse'),
('Erbach', 'Baden-Württemberg'),
('Erbach', 'Hesse'),
('Erbendorf', 'Bavaria'),
('Erding', 'Bavaria'),
('Erftstadt', 'North Rhine-Westphalia'),
('Erfurt', 'Thuringia'),
('Erkelenz', 'North Rhine-Westphalia'),
('Erkner', 'Brandenburg'),
('Erkrath', 'North Rhine-Westphalia'),
('Erlangen', 'Bavaria'),
('Erlenbach a.Main', 'Bavaria'),
('Erlensee', 'Hesse'),
('Erwitte', 'North Rhine-Westphalia'),
('Eschborn', 'Hesse'),
('Eschenbach in der Oberpfalz', 'Bavaria'),
('Eschershausen', 'Lower Saxony'),
('Eschwege', 'Hesse'),
('Eschweiler', 'North Rhine-Westphalia'),
('Espelkamp', 'North Rhine-Westphalia'),
('Essen', 'Lower Saxony'),
('Essen', 'North Rhine-Westphalia'),
('Esslingen am Neckar', 'Baden-Württemberg'),
('Ettenheim', 'Baden-Württemberg'),
('Ettlingen', 'Baden-Württemberg'),
('Euskirchen', 'North Rhine-Westphalia'),
('Eutin', 'Schleswig-Holstein'),
('Falkenberg/Elster', 'Brandenburg'),
('Falkensee', 'Brandenburg'),
('Falkenstein/Harz', 'Saxony-Anhalt'),
('Falkenstein', 'Saxony'),
('Fehmarn', 'Schleswig-Holstein'),
('Fellbach', 'Baden-Württemberg'),
('Felsberg', 'Hesse'),
('Feuchtwangen', 'Bavaria'),
('Filderstadt', 'Baden-Württemberg'),
('Finsterwalde', 'Brandenburg'),
('Fladungen', 'Bavaria'),
('Flensburg', 'Schleswig-Holstein'),
('Florstadt', 'Hesse'),
('Flöha', 'Saxony'),
('Flörsheim am Main', 'Hesse'),
('Forchheim', 'Bavaria'),
('Forchtenberg', 'Baden-Württemberg'),
('Forst (Lausitz)', 'Brandenburg'),
('Frankenau', 'Hesse'),
('Frankenberg', 'Hesse'),
('Frankenberg', 'Saxony'),
('Frankenthal (Pfalz)', 'Rhineland-Palatinate'),
('Frankfurt (Oder)', 'Brandenburg'),
('Frankfurt am Main', 'Hesse'),
('Franzburg', 'Mecklenburg-Western Pomerania'),
('Frauenstein', 'Saxony'),
('Frechen', 'North Rhine-Westphalia'),
('Freiberg am Neckar', 'Baden-Württemberg'),
('Freiberg', 'Saxony'),
('Freiburg im Breisgau', 'Baden-Württemberg'),
('Freilassing', 'Bavaria'),
('Freinsheim', 'Rhineland-Palatinate'),
('Freising', 'Bavaria'),
('Freital', 'Saxony'),
('Freren', 'Lower Saxony'),
('Freudenberg', 'Baden-Württemberg'),
('Freudenberg', 'North Rhine-Westphalia'),
('Freudenstadt', 'Baden-Württemberg'),
('Freyburg', 'Saxony-Anhalt'),
('Freystadt', 'Bavaria'),
('Freyung', 'Bavaria'),
('Fridingen', 'Baden-Württemberg'),
('Friedberg', 'Bavaria'),
('Friedberg', 'Hesse'),
('Friedland', 'Brandenburg'),
('Friedland', 'Mecklenburg-Western Pomerania'),
('Friedrichroda', 'Thuringia'),
('Friedrichsdorf', 'Hesse'),
('Friedrichshafen', 'Baden-Württemberg'),
('FriedrichstadtFrederiksstad', 'Schleswig-Holstein'),
('Friedrichsthal', 'Saarland'),
('Friesack', 'Brandenburg'),
('Friesoythe', 'Lower Saxony'),
('Fritzlar', 'Hesse'),
('Frohburg', 'Saxony'),
('Fröndenberg', 'North Rhine-Westphalia'),
('Fulda', 'Hesse'),
('Furth im Wald', 'Bavaria'),
('Furtwangen im Schwarzwald', 'Baden-Württemberg'),
('Fürstenau', 'Lower Saxony'),
('Fürstenberg', 'Brandenburg'),
('Fürstenfeldbruck', 'Bavaria'),
('Fürstenwalde/Spree', 'Brandenburg'),
('Fürth', 'Bavaria'),
('Füssen', 'Bavaria'),
('Gadebusch', 'Mecklenburg-Western Pomerania'),
('Gaggenau', 'Baden-Württemberg'),
('Gaildorf', 'Baden-Württemberg'),
('Gammertingen', 'Baden-Württemberg'),
('Garbsen', 'Lower Saxony'),
('Garching bei München', 'Bavaria'),
('Gardelegen', 'Saxony-Anhalt'),
('Garding', 'Schleswig-Holstein'),
('Gartz', 'Brandenburg'),
('Garz', 'Mecklenburg-Western Pomerania'),
('Gau-Algesheim', 'Rhineland-Palatinate'),
('Gebesee', 'Thuringia'),
('Gedern', 'Hesse'),
('Geesthacht', 'Schleswig-Holstein'),
('Geestland', 'Lower Saxony'),
('Gefell', 'Thuringia'),
('Gefrees', 'Bavaria'),
('Gehrden', 'Lower Saxony'),
('Geilenkirchen', 'North Rhine-Westphalia'),
('Geisa', 'Thuringia'),
('Geiselhöring', 'Bavaria'),
('Geisenfeld', 'Bavaria'),
('Geisenheim', 'Hesse'),
('Geisingen', 'Baden-Württemberg'),
('Geislingen an der Steige', 'Baden-Württemberg'),
('Geislingen', 'Baden-Württemberg'),
('Geithain', 'Saxony'),
('Geldern', 'North Rhine-Westphalia'),
('Gelnhausen', 'Hesse'),
('Gelsenkirchen', 'North Rhine-Westphalia'),
('Gemünden am Main', 'Bavaria'),
('Gemünden', 'Hesse'),
('Gengenbach', 'Baden-Württemberg'),
('Genthin', 'Saxony-Anhalt'),
('Georgsmarienhütte', 'Lower Saxony'),
('Gerabronn', 'Baden-Württemberg'),
('Gera', 'Thuringia'),
('Gerbstedt', 'Saxony-Anhalt'),
('Geretsried', 'Bavaria'),
('Geringswalde', 'Saxony'),
('Gerlingen', 'Baden-Württemberg'),
('Germering', 'Bavaria'),
('Germersheim', 'Rhineland-Palatinate'),
('Gernsbach', 'Baden-Württemberg'),
('Gernsheim', 'Hesse'),
('Gerolstein', 'Rhineland-Palatinate'),
('Gerolzhofen', 'Bavaria'),
('Gersfeld', 'Hesse'),
('Gersthofen', 'Bavaria'),
('Gescher', 'North Rhine-Westphalia'),
('Geseke', 'North Rhine-Westphalia'),
('Gevelsberg', 'North Rhine-Westphalia'),
('Geyer', 'Saxony'),
('Giengen', 'Baden-Württemberg'),
('Giessen', 'Hesse'),
('Gifhorn', 'Lower Saxony'),
('Ginsheim-Gustavsburg', 'Hesse'),
('Gladbeck', 'North Rhine-Westphalia'),
('Gladenbach', 'Hesse'),
('Glashütte', 'Saxony'),
('Glauchau', 'Saxony'),
('Glinde', 'Schleswig-Holstein'),
('GlücksburgLyksborg', 'Schleswig-Holstein'),
('Glückstadt', 'Schleswig-Holstein'),
('Gnoien', 'Mecklenburg-Western Pomerania'),
('Goch', 'North Rhine-Westphalia'),
('Goldberg', 'Mecklenburg-Western Pomerania'),
('Goldkronach', 'Bavaria'),
('Golßen', 'Brandenburg'),
('Gommern', 'Saxony-Anhalt'),
('Goslar', 'Lower Saxony'),
('Gotha', 'Thuringia'),
('Grabow', 'Mecklenburg-Western Pomerania'),
('Grafenau', 'Bavaria'),
('Grafenwöhr', 'Bavaria'),
('Grafing bei München', 'Bavaria'),
('Gransee', 'Brandenburg'),
('Grebenau', 'Hesse'),
('Grebenstein', 'Hesse'),
('Greding', 'Bavaria'),
('Greifswald', 'Mecklenburg-Western Pomerania'),
('Greiz', 'Thuringia'),
('Greußen', 'Thuringia'),
('Grevenbroich', 'North Rhine-Westphalia'),
('Greven', 'North Rhine-Westphalia'),
('Grevesmühlen', 'Mecklenburg-Western Pomerania'),
('Griesheim', 'Hesse'),
('Grimma', 'Saxony'),
('Grimmen', 'Mecklenburg-Western Pomerania'),
('Groitzsch', 'Saxony'),
('Gronau', 'Lower Saxony'),
('Gronau', 'North Rhine-Westphalia'),
('Groß-Bieberau', 'Hesse'),
('Groß-Gerau', 'Hesse'),
('Groß-Umstadt', 'Hesse'),
('Großalmerode', 'Hesse'),
('Großbottwar', 'Baden-Württemberg'),
('Großbreitenbach', 'Thuringia'),
('Großenhain', 'Saxony'),
('Großräschen', 'Brandenburg'),
('Großröhrsdorf', 'Saxony'),
('Großschirma', 'Saxony'),
('Gräfenberg, Bavaria', 'Bavaria'),
('Gräfenhainichen', 'Saxony-Anhalt'),
('Gräfenthal', 'Thuringia'),
('Gröditz', 'Saxony'),
('Gröningen', 'Saxony-Anhalt'),
('Grünberg', 'Hesse'),
('Grünhain-Beierfeld', 'Saxony'),
('Grünsfeld', 'Baden-Württemberg'),
('Grünstadt', 'Rhineland-Palatinate'),
('Guben', 'Brandenburg'),
('Gudensberg', 'Hesse'),
('Gummersbach', 'North Rhine-Westphalia'),
('Gundelfingen an der Donau', 'Bavaria'),
('Gundelsheim', 'Baden-Württemberg'),
('Gunzenhausen', 'Bavaria'),
('Göppingen', 'Baden-Württemberg'),
('Görlitz', 'Saxony'),
('Göttingen', 'Lower Saxony'),
('Gößnitz', 'Thuringia'),
('Güglingen', 'Baden-Württemberg'),
('Günzburg', 'Bavaria'),
('Güsten', 'Saxony-Anhalt'),
('Güstrow', 'Mecklenburg-Western Pomerania'),
('Gütersloh', 'North Rhine-Westphalia'),
('Gützkow', 'Mecklenburg-Western Pomerania'),
('Haan', 'North Rhine-Westphalia'),
('Hachenburg', 'Rhineland-Palatinate'),
('Hadamar', 'Hesse'),
('Hagenbach', 'Rhineland-Palatinate'),
('Hagenow', 'Mecklenburg-Western Pomerania'),
('Hagen', 'North Rhine-Westphalia'),
('Haigerloch', 'Baden-Württemberg'),
('Haiger', 'Hesse'),
('Hainichen', 'Saxony'),
('Haiterbach', 'Baden-Württemberg'),
('Halberstadt', 'Saxony-Anhalt'),
('Haldensleben', 'Saxony-Anhalt'),
('Halle (Saale)', 'Saxony-Anhalt'),
('Hallenberg', 'North Rhine-Westphalia'),
('Halle', 'North Rhine-Westphalia'),
('Hallstadt', 'Bavaria'),
('Haltern am See', 'North Rhine-Westphalia'),
('Halver', 'North Rhine-Westphalia'),
('Hamburg', 'Hamburg'),
('Hamelin', 'Lower Saxony'),
('Hammelburg', 'Bavaria'),
('Hamminkeln', 'North Rhine-Westphalia'),
('Hamm', 'North Rhine-Westphalia'),
('Hanau', 'Hesse'),
('Hann. Münden', 'Lower Saxony'),
('Hanover', 'Lower Saxony'),
('Hanseatic City of Buxtehude', 'Lower Saxony'),
('Hanseatic City of Korbach', 'Hesse'),
('Hanseatic City of Stade', 'Lower Saxony'),
('Harburg', 'Bavaria'),
('Hardegsen', 'Lower Saxony'),
('Haren, Germany', 'Lower Saxony'),
('Harsewinkel', 'North Rhine-Westphalia'),
('Hartenstein', 'Saxony'),
('Hartha', 'Saxony'),
('Harzgerode', 'Saxony-Anhalt'),
('Haselünne', 'Lower Saxony'),
('Haslach im Kinzigtal', 'Baden-Württemberg'),
('Hattersheim am Main', 'Hesse'),
('Hattingen', 'North Rhine-Westphalia'),
('Hatzfeld', 'Hesse'),
('Hausach', 'Baden-Württemberg'),
('Hauzenberg', 'Bavaria'),
('Havelberg', 'Saxony-Anhalt'),
('Havelsee', 'Brandenburg'),
('Hayingen', 'Baden-Württemberg'),
('Haßfurt', 'Bavaria'),
('Hechingen', 'Baden-Württemberg'),
('Hecklingen', 'Saxony-Anhalt'),
('Heideck', 'Bavaria'),
('Heidelberg', 'Baden-Württemberg'),
('Heidenau', 'Saxony'),
('Heidenheim an der Brenz', 'Baden-Württemberg'),
('Heide', 'Schleswig-Holstein'),
('Heilbad Heiligenstadt', 'Thuringia'),
('Heilbronn', 'Baden-Württemberg'),
('Heiligenhafen', 'Schleswig-Holstein'),
('Heiligenhaus', 'North Rhine-Westphalia'),
('Heilsbronn', 'Bavaria'),
('Heimbach', 'North Rhine-Westphalia'),
('Heimsheim', 'Baden-Württemberg'),
('Heinsberg', 'North Rhine-Westphalia'),
('Heitersheim', 'Baden-Württemberg'),
('Heldburg', 'Thuringia'),
('Helmbrechts', 'Bavaria'),
('Helmstedt', 'Lower Saxony'),
('Hemau', 'Bavaria'),
('Hemer', 'North Rhine-Westphalia'),
('Hemmingen', 'Lower Saxony'),
('Hemmoor', 'Lower Saxony'),
('Hemsbach', 'Baden-Württemberg'),
('Hennef', 'North Rhine-Westphalia'),
('Hennigsdorf', 'Brandenburg'),
('Heppenheim', 'Hesse'),
('Herbolzheim', 'Baden-Württemberg'),
('Herborn, Hesse', 'Hesse'),
('Herbrechtingen', 'Baden-Württemberg'),
('Herbstein', 'Hesse'),
('Herdecke', 'North Rhine-Westphalia'),
('Herdorf', 'Rhineland-Palatinate'),
('Herford', 'North Rhine-Westphalia'),
('Heringen', 'Hesse'),
('Heringen', 'Thuringia'),
('Hermeskeil', 'Rhineland-Palatinate'),
('Hermsdorf', 'Thuringia'),
('Herne city', 'North Rhine-Westphalia'),
('Herrenberg', 'Baden-Württemberg'),
('Herrieden', 'Bavaria'),
('Herrnhut', 'Saxony'),
('Hersbruck', 'Bavaria'),
('Herten', 'North Rhine-Westphalia'),
('Herzberg am Harz', 'Lower Saxony'),
('Herzberg', 'Brandenburg'),
('Herzogenaurach', 'Bavaria'),
('Herzogenrath', 'North Rhine-Westphalia'),
('Hessisch Lichtenau', 'Hesse'),
('Hessisch Oldendorf', 'Lower Saxony'),
('Hettingen', 'Baden-Württemberg'),
('Hettstedt', 'Saxony-Anhalt'),
('Heubach', 'Baden-Württemberg'),
('Heusenstamm', 'Hesse'),
('Hilchenbach', 'North Rhine-Westphalia'),
('Hildburghausen', 'Thuringia'),
('Hilden', 'North Rhine-Westphalia'),
('Hildesheim', 'Lower Saxony'),
('Hillesheim', 'Rhineland-Palatinate'),
('Hilpoltstein', 'Bavaria'),
('Hirschau', 'Bavaria'),
('Hirschberg', 'Thuringia'),
('Hirschhorn', 'Hesse'),
('Hitzacker', 'Lower Saxony'),
('Hochheim am Main', 'Hesse'),
('Hockenheim', 'Baden-Württemberg'),
('Hofgeismar', 'Hesse'),
('Hofheim in Unterfranken', 'Bavaria'),
('Hofheim, Hesse', 'Hesse'),
('Hof', 'Bavaria'),
('Hohen Neuendorf', 'Brandenburg'),
('Hohenberg a.d.Eger', 'Bavaria'),
('Hohenleuben', 'Thuringia'),
('Hohenmölsen', 'Saxony-Anhalt'),
('Hohenstein-Ernstthal', 'Saxony'),
('Hohnstein', 'Saxony'),
('Hollfeld', 'Bavaria'),
('Holzgerlingen', 'Baden-Württemberg'),
('Holzminden', 'Lower Saxony'),
('Homberg', 'Hesse'),
('Homberg', 'Hesse'),
('Homburg', 'Saarland'),
('Horb am Neckar', 'Baden-Württemberg'),
('Horn-Bad Meinberg', 'North Rhine-Westphalia'),
('Hornbach', 'Rhineland-Palatinate'),
('Hornberg', 'Baden-Württemberg'),
('Horstmar', 'North Rhine-Westphalia'),
('Hoya', 'Lower Saxony'),
('Hoyerswerda', 'Saxony'),
('Hungen', 'Hesse'),
('Husum', 'Schleswig-Holstein'),
('Höchstadt', 'Bavaria'),
('Höchstädt an der Donau', 'Bavaria'),
('Höhr-Grenzhausen', 'Rhineland-Palatinate'),
('Hörstel', 'North Rhine-Westphalia'),
('Höxter', 'North Rhine-Westphalia'),
('Hückelhoven', 'North Rhine-Westphalia'),
('Hückeswagen', 'North Rhine-Westphalia'),
('Hüfingen', 'Baden-Württemberg'),
('Hünfeld', 'Hesse'),
('Hürth', 'North Rhine-Westphalia'),
('Ibbenbüren', 'North Rhine-Westphalia'),
('Ichenhausen', 'Bavaria'),
('Idar-Oberstein', 'Rhineland-Palatinate'),
('Idstein', 'Hesse'),
('Illertissen', 'Bavaria'),
('Ilmenau', 'Thuringia'),
('Ilsenburg', 'Saxony-Anhalt'),
('Ilshofen', 'Baden-Württemberg'),
('Immenhausen', 'Hesse'),
('Immenstadt', 'Bavaria'),
('Ingelfingen', 'Baden-Württemberg'),
('Ingelheim am Rhein', 'Rhineland-Palatinate'),
('Ingolstadt', 'Bavaria'),
('Iphofen', 'Bavaria'),
('Iserlohn', 'North Rhine-Westphalia'),
('Isny im Allgäu', 'Baden-Württemberg'),
('Isselburg', 'North Rhine-Westphalia'),
('Itzehoe', 'Schleswig-Holstein'),
('Jarmen', 'Mecklenburg-Western Pomerania'),
('Jena', 'Thuringia'),
('Jerichow', 'Saxony-Anhalt'),
('Jessen', 'Saxony-Anhalt'),
('Jever', 'Lower Saxony'),
('Joachimsthal', 'Brandenburg'),
('Johanngeorgenstadt', 'Saxony'),
('Jöhstadt', 'Saxony'),
('Jüchen', 'North Rhine-Westphalia'),
('Jülich', 'North Rhine-Westphalia'),
('Jüterbog', 'Brandenburg'),
('Kaarst', 'North Rhine-Westphalia'),
('Kahla', 'Thuringia'),
('Kaisersesch', 'Rhineland-Palatinate'),
('Kaiserslautern', 'Rhineland-Palatinate'),
('Kalbe, Saxony-Anhalt', 'Saxony-Anhalt'),
('Kalkar', 'North Rhine-Westphalia'),
('Kaltenkirchen', 'Schleswig-Holstein'),
('Kaltennordheim', 'Thuringia'),
('Kamenz', 'Saxony'),
('Kamen', 'North Rhine-Westphalia'),
('Kamp-Lintfort', 'North Rhine-Westphalia'),
('Kandel', 'Rhineland-Palatinate'),
('Kandern', 'Baden-Württemberg'),
('KappelnKappel', 'Schleswig-Holstein'),
('Karben', 'Hesse'),
('Karlsruhe', 'Baden-Württemberg'),
('Karlstadt am Main', 'Bavaria'),
('Kassel', 'Hesse'),
('Kastellaun', 'Rhineland-Palatinate'),
('Katzenelnbogen', 'Rhineland-Palatinate'),
('Kaub', 'Rhineland-Palatinate'),
('Kaufbeuren', 'Bavaria'),
('Kehl', 'Baden-Württemberg'),
('Kelbra', 'Saxony-Anhalt'),
('Kelheim', 'Bavaria'),
('Kelkheim', 'Hesse'),
('Kellinghusen', 'Schleswig-Holstein'),
('Kelsterbach', 'Hesse'),
('Kemberg', 'Saxony-Anhalt'),
('Kemnath', 'Bavaria'),
('Kempen', 'North Rhine-Westphalia'),
('Kempten', 'Bavaria'),
('Kenzingen', 'Baden-Württemberg'),
('Kerpen', 'North Rhine-Westphalia'),
('Ketzin', 'Brandenburg'),
('Kevelaer', 'North Rhine-Westphalia'),
('Kiel', 'Schleswig-Holstein'),
('Kierspe', 'North Rhine-Westphalia'),
('Kirchberg an der Jagst', 'Baden-Württemberg'),
('Kirchberg', 'Rhineland-Palatinate'),
('Kirchberg', 'Saxony'),
('Kirchenlamitz', 'Bavaria'),
('Kirchen', 'Rhineland-Palatinate'),
('Kirchhain', 'Hesse'),
('Kirchheim unter Teck', 'Baden-Württemberg'),
('Kirchheimbolanden', 'Rhineland-Palatinate'),
('Kirn', 'Rhineland-Palatinate'),
('Kirtorf', 'Hesse'),
('Kitzingen', 'Bavaria'),
('Kitzscher', 'Saxony'),
('Kleve', 'North Rhine-Westphalia'),
('Klingenberg am Main', 'Bavaria'),
('Klingenthal', 'Saxony'),
('Klötze', 'Saxony-Anhalt'),
('Klütz', 'Mecklenburg-Western Pomerania'),
('Knittlingen', 'Baden-Württemberg'),
('Koblenz', 'Rhineland-Palatinate'),
('Kolbermoor', 'Bavaria'),
('Konz', 'Rhineland-Palatinate'),
('Korntal-Münchingen', 'Baden-Württemberg'),
('Kornwestheim', 'Baden-Württemberg'),
('Korschenbroich', 'North Rhine-Westphalia'),
('Kraichtal', 'Baden-Württemberg'),
('Krakow am See', 'Mecklenburg-Western Pomerania'),
('Kranichfeld', 'Thuringia'),
('Krautheim', 'Baden-Württemberg'),
('Krefeld', 'North Rhine-Westphalia'),
('Kremmen', 'Brandenburg'),
('Krempe', 'Schleswig-Holstein'),
('Kreuztal', 'North Rhine-Westphalia'),
('Kronach', 'Bavaria'),
('Kronberg im Taunus', 'Hesse'),
('Kroppenstedt', 'Saxony-Anhalt'),
('Krumbach', 'Bavaria'),
('Kröpelin', 'Mecklenburg-Western Pomerania'),
('Kulmbach', 'Bavaria'),
('Kupferberg', 'Bavaria'),
('Kuppenheim', 'Baden-Württemberg'),
('Kusel', 'Rhineland-Palatinate'),
('Kyllburg', 'Rhineland-Palatinate'),
('Kyritz', 'Brandenburg'),
('Kölleda', 'Thuringia'),
('Königs Wusterhausen', 'Brandenburg'),
('Königsberg in Bayern', 'Bavaria'),
('Königsbrunn', 'Bavaria'),
('Königsbrück', 'Saxony'),
('Königsee', 'Thuringia'),
('Königslutter', 'Lower Saxony'),
('Königstein im Taunus', 'Hesse'),
('Königstein', 'Saxony'),
('Königswinter', 'North Rhine-Westphalia'),
('Könnern', 'Saxony-Anhalt'),
('Köthen', 'Saxony-Anhalt'),
('Kühlungsborn', 'Mecklenburg-Western Pomerania'),
('Külsheim', 'Baden-Württemberg'),
('Künzelsau', 'Baden-Württemberg'),
('Laage', 'Mecklenburg-Western Pomerania'),
('Laatzen', 'Lower Saxony'),
('Ladenburg', 'Baden-Württemberg'),
('Lage', 'North Rhine-Westphalia'),
('Lahnstein', 'Rhineland-Palatinate'),
('Lahr', 'Baden-Württemberg'),
('Laichingen', 'Baden-Württemberg'),
('Lambrecht, Rhineland-Palatinate', 'Rhineland-Palatinate'),
('Lampertheim', 'Hesse'),
('Landau an der Isar', 'Bavaria'),
('Landau in der Pfalz', 'Rhineland-Palatinate'),
('Landsberg am Lech', 'Bavaria'),
('Landsberg', 'Saxony-Anhalt'),
('Landshut', 'Bavaria'),
('Landstuhl', 'Rhineland-Palatinate'),
('Langelsheim', 'Lower Saxony'),
('Langen, Hesse', 'Hesse'),
('Langenau', 'Baden-Württemberg'),
('Langenburg', 'Baden-Württemberg'),
('Langenfeld', 'North Rhine-Westphalia'),
('Langenhagen', 'Lower Saxony'),
('Langenselbold', 'Hesse'),
('Langenzenn', 'Bavaria'),
('Lassan', 'Mecklenburg-Western Pomerania'),
('Laubach', 'Hesse'),
('Laucha an der Unstrut', 'Saxony-Anhalt'),
('Lauchhammer', 'Brandenburg'),
('Lauchheim', 'Baden-Württemberg'),
('Lauda-Königshofen', 'Baden-Württemberg'),
('Lauenburg', 'Schleswig-Holstein'),
('Lauf an der Pegnitz', 'Bavaria'),
('Laufenburg', 'Baden-Württemberg'),
('Laufen', 'Bavaria'),
('Lauffen', 'Baden-Württemberg'),
('Lauingen', 'Bavaria'),
('Laupheim', 'Baden-Württemberg'),
('Lauscha', 'Thuringia'),
('Lauta', 'Saxony'),
('Lauter-Bernsbach', 'Saxony'),
('Lauterbach', 'Hesse'),
('Lauterecken', 'Rhineland-Palatinate'),
('Lauterstein', 'Baden-Württemberg'),
('Lebach', 'Saarland'),
('Lebus', 'Brandenburg'),
('Leer', 'Lower Saxony'),
('Lehesten', 'Thuringia'),
('Lehrte', 'Lower Saxony'),
('Leichlingen', 'North Rhine-Westphalia'),
('Leimen', 'Baden-Württemberg'),
('Leinefelde-Worbis', 'Thuringia'),
('Leinfelden-Echterdingen', 'Baden-Württemberg'),
('Leingarten', 'Baden-Württemberg'),
('Leipheim', 'Bavaria'),
('Leipzig', 'Saxony'),
('Leisnig', 'Saxony'),
('Lemgo', 'North Rhine-Westphalia'),
('Lengenfeld', 'Saxony'),
('Lengerich', 'North Rhine-Westphalia'),
('Lennestadt', 'North Rhine-Westphalia'),
('Lenzen', 'Brandenburg'),
('Leonberg', 'Baden-Württemberg'),
('Leuna', 'Saxony-Anhalt'),
('Leun', 'Hesse'),
('Leutenberg', 'Thuringia'),
('Leutershausen', 'Bavaria'),
('Leutkirch im Allgäu', 'Baden-Württemberg'),
('Leverkusen', 'North Rhine-Westphalia'),
('Lichtenau', 'Baden-Württemberg'),
('Lichtenau', 'North Rhine-Westphalia'),
('Lichtenberg', 'Bavaria'),
('Lichtenfels', 'Bavaria'),
('Lichtenfels', 'Hesse'),
('Lichtenstein', 'Saxony'),
('Lich', 'Hesse'),
('Liebenau', 'Hesse'),
('Liebenwalde', 'Brandenburg'),
('Lieberose', 'Brandenburg'),
('Liebstadt', 'Saxony'),
('Limbach-Oberfrohna', 'Saxony'),
('Limburg an der Lahn', 'Hesse'),
('Lindau', 'Bavaria'),
('Lindenberg im Allgäu', 'Bavaria'),
('Lindenfels', 'Hesse'),
('Linden', 'Hesse'),
('Lindow', 'Brandenburg'),
('Lingen (Ems)', 'Lower Saxony'),
('Linnich', 'North Rhine-Westphalia'),
('Linz am Rhein', 'Rhineland-Palatinate'),
('Lippstadt', 'North Rhine-Westphalia'),
('Lohmar', 'North Rhine-Westphalia'),
('Lohne (Oldenburg)', 'Lower Saxony'),
('Lohr a. Main', 'Bavaria'),
('Loitz', 'Mecklenburg-Western Pomerania'),
('Lollar', 'Hesse'),
('Lommatzsch', 'Saxony'),
('Lorch', 'Baden-Württemberg'),
('Lorch', 'Hesse'),
('Lorsch', 'Hesse'),
('Luckau', 'Brandenburg'),
('Lucka', 'Thuringia'),
('Luckenwalde', 'Brandenburg'),
('Ludwigsburg', 'Baden-Württemberg'),
('Ludwigsfelde', 'Brandenburg'),
('Ludwigshafen am Rhein', 'Rhineland-Palatinate'),
('Ludwigslust', 'Mecklenburg-Western Pomerania'),
('Ludwigsstadt', 'Bavaria'),
('Lugau', 'Saxony'),
('Lunzenau', 'Saxony'),
('Lychen', 'Brandenburg'),
('Löbau', 'Saxony'),
('Löffingen', 'Baden-Württemberg'),
('Löhne', 'North Rhine-Westphalia'),
('Löningen', 'Lower Saxony'),
('Lörrach', 'Baden-Württemberg'),
('Löwenstein', 'Baden-Württemberg'),
('Lößnitz', 'Saxony'),
('Lübbecke', 'North Rhine-Westphalia'),
('Lübben/Lubin', 'Brandenburg'),
('Lübbenau/Spreewald', 'Brandenburg'),
('Lübeck', 'Schleswig-Holstein'),
('Lübtheen', 'Mecklenburg-Western Pomerania'),
('Lübz', 'Mecklenburg-Western Pomerania'),
('Lüchow', 'Lower Saxony'),
('Lüdenscheid', 'North Rhine-Westphalia'),
('Lüdinghausen', 'North Rhine-Westphalia'),
('Lügde', 'North Rhine-Westphalia'),
('Lüneburg', 'Lower Saxony'),
('Lünen', 'North Rhine-Westphalia'),
('Lütjenburg', 'Schleswig-Holstein'),
('Lützen', 'Saxony-Anhalt'),
('Magdala', 'Thuringia'),
('Magdeburg', 'Saxony-Anhalt'),
('Mahlberg', 'Baden-Württemberg'),
('Mainbernheim', 'Bavaria'),
('Mainburg', 'Bavaria'),
('Maintal', 'Hesse'),
('Mainz', 'Rhineland-Palatinate'),
('Malchin', 'Mecklenburg-Western Pomerania'),
('Malchow', 'Mecklenburg-Western Pomerania'),
('Manderscheid', 'Rhineland-Palatinate'),
('Mannheim', 'Baden-Württemberg'),
('Mansfeld', 'Saxony-Anhalt'),
('Marbach am Neckar', 'Baden-Württemberg'),
('Marburg', 'Hesse'),
('Marienberg', 'Saxony'),
('Marienmünster', 'North Rhine-Westphalia'),
('Markdorf', 'Baden-Württemberg'),
('Markgröningen', 'Baden-Württemberg'),
('Markkleeberg', 'Saxony'),
('Markneukirchen', 'Saxony'),
('Markranstädt', 'Saxony'),
('Marktbreit', 'Bavaria'),
('Marktheidenfeld', 'Bavaria'),
('Marktleuthen', 'Bavaria'),
('Marktoberdorf', 'Bavaria'),
('Marktredwitz', 'Bavaria'),
('Marktsteft', 'Bavaria'),
('Marlow', 'Mecklenburg-Western Pomerania'),
('Marl', 'North Rhine-Westphalia'),
('Marne', 'Schleswig-Holstein'),
('Marsberg', 'North Rhine-Westphalia'),
('Maulbronn', 'Baden-Württemberg'),
('Maxhütte-Haidhof', 'Bavaria'),
('Mayen', 'Rhineland-Palatinate'),
('Mechernich', 'North Rhine-Westphalia'),
('Meckenheim', 'North Rhine-Westphalia'),
('Medebach', 'North Rhine-Westphalia'),
('Meerane', 'Saxony'),
('Meerbusch', 'North Rhine-Westphalia'),
('Meersburg', 'Baden-Württemberg'),
('Meinerzhagen', 'North Rhine-Westphalia'),
('Meiningen', 'Thuringia'),
('Meisenheim', 'Rhineland-Palatinate'),
('Meissen', 'Saxony'),
('Meldorf', 'Schleswig-Holstein'),
('Melle', 'Lower Saxony'),
('Mellrichstadt', 'Bavaria'),
('Melsungen', 'Hesse'),
('Memmingen', 'Bavaria'),
('Menden', 'North Rhine-Westphalia'),
('Mendig', 'Rhineland-Palatinate'),
('Mengen', 'Baden-Württemberg'),
('Meppen', 'Lower Saxony'),
('Merkendorf', 'Bavaria'),
('Merseburg', 'Saxony-Anhalt'),
('Merzig', 'Saarland'),
('Meschede', 'North Rhine-Westphalia'),
('Mettmann', 'North Rhine-Westphalia'),
('Metzingen', 'Baden-Württemberg'),
('Meuselwitz', 'Thuringia'),
('Meyenburg', 'Brandenburg'),
('Meßkirch', 'Baden-Württemberg'),
('Meßstetten', 'Baden-Württemberg'),
('Michelstadt', 'Hesse'),
('Miesbach', 'Bavaria'),
('Miltenberg', 'Bavaria'),
('Mindelheim', 'Bavaria'),
('Minden', 'North Rhine-Westphalia'),
('Mirow', 'Mecklenburg-Western Pomerania'),
('Mittenwalde', 'Brandenburg'),
('Mitterteich', 'Bavaria'),
('Mittweida', 'Saxony'),
('Moers', 'North Rhine-Westphalia'),
('Monheim am Rhein', 'North Rhine-Westphalia'),
('Monheim', 'Bavaria'),
('Monschau', 'North Rhine-Westphalia'),
('Montabaur', 'Rhineland-Palatinate'),
('Moosburg an der Isar', 'Bavaria'),
('Moringen', 'Lower Saxony'),
('Mosbach', 'Baden-Württemberg'),
('Munderkingen', 'Baden-Württemberg'),
('Munich', 'Bavaria'),
('Munster', 'Lower Saxony'),
('Murrhardt', 'Baden-Württemberg'),
('Märkisch Buchholz', 'Brandenburg'),
('Möckern', 'Saxony-Anhalt'),
('Möckmühl', 'Baden-Württemberg'),
('Mölln', 'Schleswig-Holstein'),
('Mönchengladbach', 'North Rhine-Westphalia'),
('Mörfelden-Walldorf', 'Hesse'),
('Mössingen', 'Baden-Württemberg'),
('Mücheln', 'Saxony-Anhalt'),
('Mügeln', 'Saxony'),
('Mühlacker', 'Baden-Württemberg'),
('Mühlberg', 'Brandenburg'),
('Mühldorf am Inn', 'Bavaria'),
('Mühlhausen', 'Thuringia'),
('Mühlheim am Main', 'Hesse'),
('Mühlheim an der Donau', 'Baden-Württemberg'),
('Mülheim an der Ruhr', 'North Rhine-Westphalia'),
('Mülheim-Kärlich', 'Rhineland-Palatinate'),
('Müllheim', 'Baden-Württemberg'),
('Müllrose', 'Brandenburg'),
('Münchberg', 'Bavaria'),
('Müncheberg', 'Brandenburg'),
('Münchenbernsdorf', 'Thuringia'),
('Münnerstadt', 'Bavaria'),
('Münsingen', 'Baden-Württemberg'),
('Münstermaifeld', 'Rhineland-Palatinate'),
('Münster', 'North Rhine-Westphalia'),
('Münzenberg', 'Hesse'),
('Nabburg', 'Bavaria'),
('Nagold', 'Baden-Württemberg'),
('Naila', 'Bavaria'),
('Nassau', 'Rhineland-Palatinate'),
('Nastätten', 'Rhineland-Palatinate'),
('Nauen', 'Brandenburg'),
('Naumburg', 'Hesse'),
('Naumburg', 'Saxony-Anhalt'),
('Naunhof', 'Saxony'),
('Nebra', 'Saxony-Anhalt'),
('Neckarbischofsheim', 'Baden-Württemberg'),
('Neckargemünd', 'Baden-Württemberg'),
('Neckarsteinach', 'Hesse'),
('Neckarsulm', 'Baden-Württemberg'),
('Neresheim', 'Baden-Württemberg'),
('Netphen', 'North Rhine-Westphalia'),
('Nettetal', 'North Rhine-Westphalia'),
('Netzschkau', 'Saxony'),
('Neu-Anspach', 'Hesse'),
('Neu-Isenburg', 'Hesse'),
('Neu-Ulm', 'Bavaria'),
('Neubrandenburg', 'Mecklenburg-Western Pomerania'),
('Neubukow', 'Mecklenburg-Western Pomerania'),
('Neubulach', 'Baden-Württemberg'),
('Neuburg a.d. Donau', 'Bavaria'),
('Neudenau', 'Baden-Württemberg'),
('Neuenburg am Rhein', 'Baden-Württemberg'),
('Neuenbürg', 'Baden-Württemberg'),
('Neuenhaus', 'Lower Saxony'),
('Neuenrade', 'North Rhine-Westphalia'),
('Neuenstadt am Kocher', 'Baden-Württemberg'),
('Neuenstein', 'Baden-Württemberg'),
('Neuerburg', 'Rhineland-Palatinate'),
('Neuffen', 'Baden-Württemberg'),
('Neuhaus am Rennweg', 'Thuringia'),
('Neukalen', 'Mecklenburg-Western Pomerania'),
('Neukirchen-Vluyn', 'North Rhine-Westphalia'),
('Neukirchen', 'Hesse'),
('Neukloster', 'Mecklenburg-Western Pomerania'),
('Neumarkt in der Oberpfalz', 'Bavaria'),
('Neumarkt-Sankt Veit', 'Bavaria'),
('Neumark', 'Thuringia'),
('Neumünster', 'Schleswig-Holstein'),
('Neunburg vorm Wald', 'Bavaria'),
('Neunkirchen', 'Saarland'),
('Neuruppin', 'Brandenburg'),
('Neusalza-Spremberg', 'Saxony'),
('Neuss', 'North Rhine-Westphalia'),
('Neustadt a.d.Donau', 'Bavaria'),
('Neustadt a.d.Waldnaab', 'Bavaria'),
('Neustadt am Kulm', 'Bavaria'),
('Neustadt am Rübenberge', 'Lower Saxony'),
('Neustadt an der Aisch', 'Bavaria'),
('Neustadt an der Orla', 'Thuringia'),
('Neustadt an der Weinstraße', 'Rhineland-Palatinate'),
('Neustadt b.Coburg', 'Bavaria'),
('Neustadt in Holstein', 'Schleswig-Holstein'),
('Neustadt in Sachsen', 'Saxony'),
('Neustadt-Glewe', 'Mecklenburg-Western Pomerania'),
('Neustadt', 'Brandenburg'),
('Neustadt', 'Hesse'),
('Neustrelitz', 'Mecklenburg-Western Pomerania'),
('Neusäß', 'Bavaria'),
('Neutraubling', 'Bavaria'),
('Neuwied', 'Rhineland-Palatinate'),
('Neuötting', 'Bavaria'),
('Niddatal', 'Hesse'),
('Nidda', 'Hesse'),
('Nidderau', 'Hesse'),
('Nideggen', 'North Rhine-Westphalia'),
('NiebüllNaibel / Nibøl', 'Schleswig-Holstein'),
('Niedenstein', 'Hesse'),
('Nieder-Olm', 'Rhineland-Palatinate'),
('Niederkassel', 'North Rhine-Westphalia'),
('Niedernhall', 'Baden-Württemberg'),
('Niederstetten', 'Baden-Württemberg'),
('Niederstotzingen', 'Baden-Württemberg'),
('Nieheim', 'North Rhine-Westphalia'),
('Niemegk', 'Brandenburg'),
('Nienburg', 'Lower Saxony'),
('Nienburg', 'Saxony-Anhalt'),
('Nierstein', 'Rhineland-Palatinate'),
('Niesky', 'Saxony'),
('Nittenau', 'Bavaria'),
('Nordenham', 'Lower Saxony'),
('Norden', 'Lower Saxony'),
('Norderney', 'Lower Saxony'),
('Norderstedt', 'Schleswig-Holstein'),
('Nordhausen, Thuringia', 'Thuringia'),
('Nordhorn', 'Lower Saxony'),
('Northeim', 'Lower Saxony'),
('Nortorf', 'Schleswig-Holstein'),
('Nossen', 'Saxony'),
('Nottertal-Heilinger Höhen', 'Thuringia'),
('Nuremberg', 'Bavaria'),
('Nördlingen', 'Bavaria'),
('Nürtingen', 'Baden-Württemberg'),
('Ober-Ramstadt', 'Hesse'),
('Oberasbach', 'Bavaria'),
('Oberharz am Brocken', 'Saxony-Anhalt'),
('Oberhausen', 'North Rhine-Westphalia'),
('Oberhof', 'Thuringia'),
('Oberkirch', 'Baden-Württemberg'),
('Oberkochen', 'Baden-Württemberg'),
('Oberlungwitz', 'Saxony'),
('Obermoschel', 'Rhineland-Palatinate'),
('Obernburg a.Main', 'Bavaria'),
('Oberndorf am Neckar', 'Baden-Württemberg'),
('Obernkirchen', 'Lower Saxony'),
('Oberriexingen', 'Baden-Württemberg'),
('Obertshausen', 'Hesse'),
('Oberursel (Taunus)', 'Hesse'),
('Oberviechtach', 'Bavaria'),
('Oberwesel', 'Rhineland-Palatinate'),
('Oberwiesenthal', 'Saxony'),
('Oberzent', 'Hesse'),
('Ochsenfurt', 'Bavaria'),
('Ochsenhausen', 'Baden-Württemberg'),
('Ochtrup', 'North Rhine-Westphalia'),
('Oderberg', 'Brandenburg'),
('Oebisfelde-Weferlingen', 'Saxony-Anhalt'),
('Oederan', 'Saxony'),
('Oelde', 'North Rhine-Westphalia'),
('Oelsnitz', 'Saxony'),
('Oelsnitz', 'Saxony'),
('Oer-Erkenschwick', 'North Rhine-Westphalia'),
('Oerlinghausen', 'North Rhine-Westphalia'),
('Oestrich-Winkel', 'Hesse'),
('Oettingen in Bayern', 'Bavaria'),
('Offenbach am Main', 'Hesse'),
('Offenburg', 'Baden-Württemberg'),
('Ohrdruf', 'Thuringia'),
('Olbernhau', 'Saxony'),
('Olching', 'Bavaria'),
('Oldenburg in Holstein', 'Schleswig-Holstein'),
('Oldenburg', 'Lower Saxony'),
('Olfen', 'North Rhine-Westphalia'),
('Olpe', 'North Rhine-Westphalia'),
('Olsberg', 'North Rhine-Westphalia'),
('Oppenau', 'Baden-Württemberg'),
('Oppenheim', 'Rhineland-Palatinate'),
('Oranienbaum-Wörlitz', 'Saxony-Anhalt'),
('Oranienburg', 'Brandenburg'),
('Orlamünde', 'Thuringia'),
('Ornbau', 'Bavaria'),
('Ortenberg', 'Hesse'),
('Ortrand', 'Brandenburg'),
('Oschatz', 'Saxony'),
('Oschersleben', 'Saxony-Anhalt'),
('Osnabrück', 'Lower Saxony'),
('Osterburg', 'Saxony-Anhalt'),
('Osterburken', 'Baden-Württemberg'),
('Osterfeld', 'Saxony-Anhalt'),
('Osterhofen', 'Bavaria'),
('Osterholz-Scharmbeck', 'Lower Saxony'),
('Osterode am Harz', 'Lower Saxony'),
('Osterwieck', 'Saxony-Anhalt'),
('Ostfildern', 'Baden-Württemberg'),
('Ostheim', 'Bavaria'),
('Osthofen', 'Rhineland-Palatinate'),
('Ostritz', 'Saxony'),
('Otterberg', 'Rhineland-Palatinate'),
('Otterndorf', 'Lower Saxony'),
('Ottweiler', 'Saarland'),
('Overath', 'North Rhine-Westphalia'),
('Owen', 'Baden-Württemberg'),
('Paderborn', 'North Rhine-Westphalia'),
('Papenburg', 'Lower Saxony'),
('Pappenheim', 'Bavaria'),
('Parchim', 'Mecklenburg-Western Pomerania'),
('Parsberg', 'Bavaria'),
('Pasewalk', 'Mecklenburg-Western Pomerania'),
('Passau', 'Bavaria'),
('Pattensen', 'Lower Saxony'),
('Pausa-Mühltroff', 'Saxony'),
('Pegau', 'Saxony'),
('Pegnitz', 'Bavaria'),
('Peine', 'Lower Saxony'),
('Peitz', 'Brandenburg'),
('Penig', 'Saxony'),
('Penkun', 'Mecklenburg-Western Pomerania'),
('Penzberg', 'Bavaria'),
('Penzlin', 'Mecklenburg-Western Pomerania'),
('Perleberg', 'Brandenburg'),
('Petershagen', 'North Rhine-Westphalia'),
('Pfaffenhofen a.d.Ilm', 'Bavaria'),
('Pfarrkirchen', 'Bavaria'),
('Pforzheim', 'Baden-Württemberg'),
('Pfreimd', 'Bavaria'),
('Pfullendorf', 'Baden-Württemberg'),
('Pfullingen', 'Baden-Württemberg'),
('Pfungstadt', 'Hesse'),
('Philippsburg', 'Baden-Württemberg'),
('Pinneberg', 'Schleswig-Holstein'),
('Pirmasens', 'Rhineland-Palatinate'),
('Pirna', 'Saxony'),
('Plattling', 'Bavaria'),
('Plau am See', 'Mecklenburg-Western Pomerania'),
('Plauen', 'Saxony'),
('Plaue', 'Thuringia'),
('Plettenberg', 'North Rhine-Westphalia'),
('Pleystein', 'Bavaria'),
('Plochingen', 'Baden-Württemberg'),
('Plön', 'Schleswig-Holstein'),
('Pockau-Lengefeld', 'Saxony'),
('Pocking', 'Bavaria'),
('Pohlheim', 'Hesse'),
('Polch', 'Rhineland-Palatinate'),
('Porta Westfalica', 'North Rhine-Westphalia'),
('Potsdam', 'Brandenburg'),
('Pottenstein', 'Bavaria'),
('Preetz', 'Schleswig-Holstein'),
('Premnitz', 'Brandenburg'),
('Prenzlau', 'Brandenburg'),
('Pressath', 'Bavaria'),
('Preußisch Oldendorf', 'North Rhine-Westphalia'),
('Prichsenstadt', 'Bavaria'),
('Pritzwalk', 'Brandenburg'),
('Prüm', 'Rhineland-Palatinate'),
('Puchheim', 'Bavaria'),
('Pulheim', 'North Rhine-Westphalia'),
('Pulsnitz', 'Saxony'),
('Putbus', 'Mecklenburg-Western Pomerania'),
('Putlitz', 'Brandenburg'),
('Pößneck', 'Thuringia'),
('Püttlingen', 'Saarland'),
('Quakenbrück', 'Lower Saxony'),
('Quedlinburg', 'Saxony-Anhalt'),
('Querfurt', 'Saxony-Anhalt'),
('Quickborn', 'Schleswig-Holstein'),
('Rabenau', 'Saxony'),
('Radeberg', 'Saxony'),
('Radebeul', 'Saxony'),
('Radeburg', 'Saxony'),
('Radevormwald', 'North Rhine-Westphalia'),
('Radolfzell', 'Baden-Württemberg'),
('Raguhn-Jeßnitz', 'Saxony-Anhalt'),
('Rahden', 'North Rhine-Westphalia'),
('Rain', 'Bavaria'),
('Ramstein-Miesenbach', 'Rhineland-Palatinate'),
('Ranis', 'Thuringia'),
('Ransbach-Baumbach', 'Rhineland-Palatinate'),
('Rastatt', 'Baden-Württemberg'),
('Rastenberg', 'Thuringia'),
('Rathenow', 'Brandenburg'),
('Ratingen', 'North Rhine-Westphalia'),
('Ratzeburg', 'Schleswig-Holstein'),
('Rauenberg', 'Baden-Württemberg'),
('Raunheim', 'Hesse'),
('Rauschenberg', 'Hesse'),
('Ravensburg', 'Baden-Württemberg'),
('Ravenstein', 'Baden-Württemberg'),
('Recklinghausen', 'North Rhine-Westphalia'),
('Rees', 'North Rhine-Westphalia'),
('Regensburg', 'Bavaria'),
('Regen', 'Bavaria'),
('Regis-Breitingen', 'Saxony'),
('Rehau', 'Bavaria'),
('Rehburg-Loccum', 'Lower Saxony'),
('Rehna', 'Mecklenburg-Western Pomerania'),
('Reichelsheim', 'Hesse'),
('Reichenbach im Vogtland', 'Saxony'),
('Reichenbach', 'Saxony'),
('Reinbek', 'Schleswig-Holstein'),
('Reinfeld', 'Schleswig-Holstein'),
('Reinheim', 'Hesse'),
('Remagen', 'Rhineland-Palatinate'),
('Remscheid', 'North Rhine-Westphalia'),
('Remseck', 'Baden-Württemberg'),
('Renchen', 'Baden-Württemberg'),
('Rendsburg', 'Schleswig-Holstein'),
('Rennerod', 'Rhineland-Palatinate'),
('Renningen', 'Baden-Württemberg'),
('Rerik', 'Mecklenburg-Western Pomerania'),
('Rethem', 'Lower Saxony'),
('Reutlingen', 'Baden-Württemberg'),
('Rheda-Wiedenbrück', 'North Rhine-Westphalia'),
('Rhede', 'North Rhine-Westphalia'),
('Rheinau', 'Baden-Württemberg'),
('Rheinbach', 'North Rhine-Westphalia'),
('Rheinberg', 'North Rhine-Westphalia'),
('Rheinböllen', 'Rhineland-Palatinate'),
('Rheine', 'North Rhine-Westphalia'),
('Rheinfelden', 'Baden-Württemberg'),
('Rheinsberg', 'Brandenburg'),
('Rheinstetten', 'Baden-Württemberg'),
('Rhens', 'Rhineland-Palatinate'),
('Rhinow', 'Brandenburg'),
('Ribnitz-Damgarten', 'Mecklenburg-Western Pomerania'),
('Richtenberg', 'Mecklenburg-Western Pomerania'),
('Riedenburg', 'Bavaria'),
('Riedlingen', 'Baden-Württemberg'),
('Riedstadt', 'Hesse'),
('Rieneck', 'Bavaria'),
('Riesa', 'Saxony'),
('Rietberg', 'North Rhine-Westphalia'),
('Rinteln', 'Lower Saxony'),
('Rochlitz', 'Saxony'),
('Rockenhausen', 'Rhineland-Palatinate'),
('Rodalben', 'Rhineland-Palatinate'),
('Rodenberg', 'Lower Saxony'),
('Rodewisch', 'Saxony'),
('Rodgau', 'Hesse'),
('Roding', 'Bavaria'),
('Romrod', 'Hesse'),
('Ronneburg', 'Thuringia'),
('Ronnenberg', 'Lower Saxony'),
('Rosbach vor der Höhe', 'Hesse'),
('Rosenfeld', 'Baden-Württemberg'),
('Rosenheim', 'Bavaria'),
('Rosenthal', 'Hesse'),
('Rostock', 'Mecklenburg-Western Pomerania'),
('Rotenburg a. d.  Fulda', 'Hesse'),
('Rotenburg an der Wümme', 'Lower Saxony'),
('Rothenburg ob der Tauber', 'Bavaria'),
('Rothenburg', 'Saxony'),
('Rothenfels', 'Bavaria'),
('Roth', 'Bavaria'),
('Rottenburg a.d.Laaber', 'Bavaria'),
('Rottenburg am Neckar', 'Baden-Württemberg'),
('Rottweil', 'Baden-Württemberg'),
('Roßleben-Wiehe', 'Thuringia'),
('Roßwein', 'Saxony'),
('Rudolstadt', 'Thuringia'),
('Ruhland', 'Brandenburg'),
('Ruhla', 'Thuringia'),
('Runkel', 'Hesse'),
('Rutesheim', 'Baden-Württemberg'),
('Röbel', 'Mecklenburg-Western Pomerania'),
('Rödental', 'Bavaria'),
('Rödermark', 'Hesse'),
('Römhild', 'Thuringia'),
('Rösrath', 'North Rhine-Westphalia'),
('Rötha', 'Saxony'),
('Röthenbach an der Pegnitz', 'Bavaria'),
('Röttingen', 'Bavaria'),
('Rötz', 'Bavaria'),
('Rüdesheim', 'Hesse'),
('Rüsselsheim am Main', 'Hesse'),
('Rüthen', 'North Rhine-Westphalia'),
('Saalburg-Ebersdorf', 'Thuringia'),
('Saalfeld', 'Thuringia'),
('Saarbrücken', 'Saarland'),
('Saarburg', 'Rhineland-Palatinate'),
('Saarlouis', 'Saarland'),
('Sachsenhagen', 'Lower Saxony'),
('Sachsenheim', 'Baden-Württemberg'),
('Salzgitter', 'Lower Saxony'),
('Salzkotten', 'North Rhine-Westphalia'),
('Salzwedel', 'Saxony-Anhalt'),
('Sandau', 'Saxony-Anhalt'),
('Sandersdorf-Brehna', 'Saxony-Anhalt'),
('Sangerhausen', 'Saxony-Anhalt'),
('Sankt Augustin', 'North Rhine-Westphalia'),
('Sankt Blasien', 'Baden-Württemberg'),
('Sankt Georgen im Schwarzwald', 'Baden-Württemberg'),
('Sankt Goarshausen', 'Rhineland-Palatinate'),
('Sankt Goar', 'Rhineland-Palatinate'),
('Sankt Ingbert', 'Saarland'),
('Sankt Wendel', 'Saarland'),
('Sarstedt', 'Lower Saxony'),
('Sassenberg', 'North Rhine-Westphalia'),
('Sassnitz', 'Mecklenburg-Western Pomerania'),
('Sayda, Saxony', 'Saxony'),
('Schalkau', 'Thuringia'),
('Schauenstein', 'Bavaria'),
('Scheer', 'Baden-Württemberg'),
('Scheibenberg', 'Saxony'),
('Scheinfeld', 'Bavaria'),
('Schelklingen', 'Baden-Württemberg'),
('Schenefeld', 'Schleswig-Holstein'),
('Scheßlitz', 'Bavaria'),
('Schieder-Schwalenberg', 'North Rhine-Westphalia'),
('Schifferstadt', 'Rhineland-Palatinate'),
('Schillingsfürst', 'Bavaria'),
('Schiltach', 'Baden-Württemberg'),
('Schirgiswalde-Kirschau', 'Saxony'),
('Schkeuditz', 'Saxony'),
('Schkölen', 'Thuringia');
INSERT INTO `location` (`name`, `state`) VALUES
('Schleiden', 'North Rhine-Westphalia'),
('Schleiz', 'Thuringia'),
('Schleswig', 'Schleswig-Holstein'),
('Schlettau', 'Saxony'),
('Schleusingen', 'Thuringia'),
('Schlieben', 'Brandenburg'),
('Schlitz', 'Hesse'),
('Schloß Holte-Stukenbrock', 'North Rhine-Westphalia'),
('Schlüchtern', 'Hesse'),
('Schlüsselfeld', 'Bavaria'),
('Schmalkalden', 'Thuringia'),
('Schmallenberg', 'North Rhine-Westphalia'),
('Schmölln', 'Thuringia'),
('Schnackenburg', 'Lower Saxony'),
('Schnaittenbach', 'Bavaria'),
('Schneeberg', 'Saxony'),
('Schneverdingen', 'Lower Saxony'),
('Schongau', 'Bavaria'),
('Schopfheim', 'Baden-Württemberg'),
('Schorndorf', 'Baden-Württemberg'),
('Schortens', 'Lower Saxony'),
('Schotten', 'Hesse'),
('Schramberg', 'Baden-Württemberg'),
('Schraplau', 'Saxony-Anhalt'),
('Schriesheim', 'Baden-Württemberg'),
('Schrobenhausen', 'Bavaria'),
('Schrozberg', 'Baden-Württemberg'),
('Schwaan', 'Mecklenburg-Western Pomerania'),
('Schwabach', 'Bavaria'),
('Schwabmünchen', 'Bavaria'),
('Schwaigern', 'Baden-Württemberg'),
('Schwalbach am Taunus', 'Hesse'),
('Schwalmstadt', 'Hesse'),
('Schwandorf', 'Bavaria'),
('Schwanebeck', 'Saxony-Anhalt'),
('Schwarzatal', 'Thuringia'),
('Schwarzenbach a.Wald', 'Bavaria'),
('Schwarzenbach a.d.Saale', 'Bavaria'),
('Schwarzenbek', 'Schleswig-Holstein'),
('Schwarzenberg', 'Saxony'),
('Schwarzenborn', 'Hesse'),
('Schwarzheide', 'Brandenburg'),
('Schwedt', 'Brandenburg'),
('Schweich', 'Rhineland-Palatinate'),
('Schweinfurt', 'Bavaria'),
('Schwelm', 'North Rhine-Westphalia'),
('Schwentinental', 'Schleswig-Holstein'),
('Schwerin', 'Mecklenburg-Western Pomerania'),
('Schwerte', 'North Rhine-Westphalia'),
('Schwetzingen', 'Baden-Württemberg'),
('Schwäbisch Gmünd', 'Baden-Württemberg'),
('Schwäbisch Hall', 'Baden-Württemberg'),
('Schömberg', 'Baden-Württemberg'),
('Schönau im Schwarzwald', 'Baden-Württemberg'),
('Schönau', 'Baden-Württemberg'),
('Schönberg', 'Mecklenburg-Western Pomerania'),
('Schönebeck', 'Saxony-Anhalt'),
('Schöneck', 'Saxony'),
('Schönewalde', 'Brandenburg'),
('Schöningen', 'Lower Saxony'),
('Schönsee', 'Bavaria'),
('Schönwald', 'Bavaria'),
('Schöppenstedt', 'Lower Saxony'),
('Schüttorf', 'Lower Saxony'),
('Sebnitz', 'Saxony'),
('Seehausen', 'Saxony-Anhalt'),
('Seeland', 'Saxony-Anhalt'),
('Seelow', 'Brandenburg'),
('Seelze', 'Lower Saxony'),
('Seesen', 'Lower Saxony'),
('Sehnde', 'Lower Saxony'),
('Seifhennersdorf', 'Saxony'),
('Selbitz', 'Bavaria'),
('Selb', 'Bavaria'),
('Seligenstadt', 'Hesse'),
('Selm', 'North Rhine-Westphalia'),
('Selters', 'Rhineland-Palatinate'),
('Sendenhorst', 'North Rhine-Westphalia'),
('Senden', 'Bavaria'),
('Senftenberg', 'Brandenburg'),
('Seßlach', 'Bavaria'),
('Siegburg', 'North Rhine-Westphalia'),
('Siegen', 'North Rhine-Westphalia'),
('Sigmaringen', 'Baden-Württemberg'),
('Simbach am Inn', 'Bavaria'),
('Simmern', 'Rhineland-Palatinate'),
('Sindelfingen', 'Baden-Württemberg'),
('Singen', 'Baden-Württemberg'),
('Sinsheim', 'Baden-Württemberg'),
('Sinzig', 'Rhineland-Palatinate'),
('Soest', 'North Rhine-Westphalia'),
('Solingen', 'North Rhine-Westphalia'),
('Solms', 'Hesse'),
('Soltau', 'Lower Saxony'),
('Sondershausen', 'Thuringia'),
('Sonneberg', 'Thuringia'),
('Sonnewalde', 'Brandenburg'),
('Sonthofen', 'Bavaria'),
('Sontra', 'Hesse'),
('Spaichingen', 'Baden-Württemberg'),
('Spalt', 'Bavaria'),
('Spangenberg', 'Hesse'),
('Speicher', 'Rhineland-Palatinate'),
('Spenge', 'North Rhine-Westphalia'),
('Speyer', 'Rhineland-Palatinate'),
('Spremberg', 'Brandenburg'),
('Springe', 'Lower Saxony'),
('Sprockhövel', 'North Rhine-Westphalia'),
('Stadt Tegernsee', 'Bavaria'),
('Stadt Wehlen', 'Saxony'),
('Stadtallendorf', 'Hesse'),
('Stadtbergen', 'Bavaria'),
('Stadthagen', 'Lower Saxony'),
('Stadtilm', 'Thuringia'),
('Stadtlohn', 'North Rhine-Westphalia'),
('Stadtoldendorf', 'Lower Saxony'),
('Stadtprozelten', 'Bavaria'),
('Stadtroda', 'Thuringia'),
('Stadtsteinach', 'Bavaria'),
('Starnberg', 'Bavaria'),
('Staufen im Breisgau', 'Baden-Württemberg'),
('Staufenberg', 'Hesse'),
('Stavenhagen', 'Mecklenburg-Western Pomerania'),
('Staßfurt', 'Saxony-Anhalt'),
('Steinach', 'Thuringia'),
('Steinau an der Straße', 'Hesse'),
('Steinbach-Hallenberg', 'Thuringia'),
('Steinbach', 'Hesse'),
('Steinfurt', 'North Rhine-Westphalia'),
('Steinheim an der Murr', 'Baden-Württemberg'),
('Steinheim', 'North Rhine-Westphalia'),
('Stein', 'Bavaria'),
('Stendal', 'Saxony-Anhalt'),
('Sternberg', 'Mecklenburg-Western Pomerania'),
('Stockach', 'Baden-Württemberg'),
('Stolberg', 'North Rhine-Westphalia'),
('Stollberg', 'Saxony'),
('Stolpen', 'Saxony'),
('Storkow', 'Brandenburg'),
('Straelen', 'North Rhine-Westphalia'),
('Stralsund', 'Mecklenburg-Western Pomerania'),
('Strasburg', 'Mecklenburg-Western Pomerania'),
('Straubing', 'Bavaria'),
('Strausberg', 'Brandenburg'),
('Strehla', 'Saxony'),
('Stromberg', 'Rhineland-Palatinate'),
('Stutensee', 'Baden-Württemberg'),
('Stuttgart', 'Baden-Württemberg'),
('Stößen', 'Saxony-Anhalt'),
('Stühlingen', 'Baden-Württemberg'),
('Suhl', 'Thuringia'),
('Sulingen', 'Lower Saxony'),
('Sulz am Neckar', 'Baden-Württemberg'),
('Sulzbach-Rosenberg', 'Bavaria'),
('Sulzbach', 'Saarland'),
('Sulzburg', 'Baden-Württemberg'),
('Sundern', 'North Rhine-Westphalia'),
('Syke', 'Lower Saxony'),
('Sömmerda', 'Thuringia'),
('Südliches Anhalt', 'Saxony-Anhalt'),
('Süßen', 'Baden-Württemberg'),
('Tambach-Dietharz', 'Thuringia'),
('Tangerhütte', 'Saxony-Anhalt'),
('Tangermünde', 'Saxony-Anhalt'),
('Tann (Rhön)', 'Hesse'),
('Tanna', 'Thuringia'),
('Tauberbischofsheim', 'Baden-Württemberg'),
('Taucha', 'Saxony'),
('Taunusstein', 'Hesse'),
('Tecklenburg', 'North Rhine-Westphalia'),
('Telgte', 'North Rhine-Westphalia'),
('Teltow', 'Brandenburg'),
('Templin', 'Brandenburg'),
('Tengen', 'Baden-Württemberg'),
('Tessin', 'Mecklenburg-Western Pomerania'),
('Teterow', 'Mecklenburg-Western Pomerania'),
('Tettnang', 'Baden-Württemberg'),
('Teublitz', 'Bavaria'),
('Teuchern', 'Saxony-Anhalt'),
('Teupitz', 'Brandenburg'),
('Teuschnitz', 'Bavaria'),
('Thale', 'Saxony-Anhalt'),
('Thalheim', 'Saxony'),
('Thannhausen', 'Bavaria'),
('Tharandt', 'Saxony'),
('Themar', 'Thuringia'),
('Thum', 'Saxony'),
('Tirschenreuth', 'Bavaria'),
('Titisee-Neustadt', 'Baden-Württemberg'),
('Tittmoning', 'Bavaria'),
('Todtnau', 'Baden-Württemberg'),
('Torgau', 'Saxony'),
('Torgelow', 'Mecklenburg-Western Pomerania'),
('Tornesch', 'Schleswig-Holstein'),
('Traben-Trarbach', 'Rhineland-Palatinate'),
('Traunreut', 'Bavaria'),
('Traunstein', 'Bavaria'),
('Trebbin', 'Brandenburg'),
('Trebsen', 'Saxony'),
('Treffurt', 'Thuringia'),
('Trendelburg', 'Hesse'),
('Treuchtlingen', 'Bavaria'),
('Treuenbrietzen', 'Brandenburg'),
('Treuen', 'Saxony'),
('Triberg im Schwarzwald', 'Baden-Württemberg'),
('Tribsees', 'Mecklenburg-Western Pomerania'),
('Trier', 'Rhineland-Palatinate'),
('Triptis', 'Thuringia'),
('Trochtelfingen', 'Baden-Württemberg'),
('Troisdorf', 'North Rhine-Westphalia'),
('Trossingen', 'Baden-Württemberg'),
('Trostberg', 'Bavaria'),
('Tuttlingen', 'Baden-Württemberg'),
('Twistringen', 'Lower Saxony'),
('Töging am Inn', 'Bavaria'),
('Tönisvorst', 'North Rhine-Westphalia'),
('TönningTønning / Taning', 'Schleswig-Holstein'),
('Tübingen', 'Baden-Württemberg'),
('Uebigau-Wahrenbrück', 'Brandenburg'),
('Ueckermünde', 'Mecklenburg-Western Pomerania'),
('Uelzen', 'Lower Saxony'),
('Uetersen', 'Schleswig-Holstein'),
('Uffenheim', 'Bavaria'),
('Uhingen', 'Baden-Württemberg'),
('Ulmen', 'Rhineland-Palatinate'),
('Ulm', 'Baden-Württemberg'),
('Ulrichstein', 'Hesse'),
('Ummerstadt', 'Thuringia'),
('Unkel', 'Rhineland-Palatinate'),
('Unna', 'North Rhine-Westphalia'),
('Unterschleißheim', 'Bavaria'),
('Usedom', 'Mecklenburg-Western Pomerania'),
('Usingen', 'Hesse'),
('Uslar', 'Lower Saxony'),
('Vacha', 'Thuringia'),
('Vaihingen an der Enz', 'Baden-Württemberg'),
('Vallendar', 'Rhineland-Palatinate'),
('Varel', 'Lower Saxony'),
('Vechta', 'Lower Saxony'),
('Velbert', 'North Rhine-Westphalia'),
('Velburg', 'Bavaria'),
('Velden', 'Bavaria'),
('Velen', 'North Rhine-Westphalia'),
('Vellberg', 'Baden-Württemberg'),
('Vellmar', 'Hesse'),
('Velten', 'Brandenburg'),
('Verden an der Aller', 'Lower Saxony'),
('Veringenstadt', 'Baden-Württemberg'),
('Verl', 'North Rhine-Westphalia'),
('Versmold', 'North Rhine-Westphalia'),
('Vetschau', 'Brandenburg'),
('Viechtach', 'Bavaria'),
('Viernheim', 'Hesse'),
('Viersen', 'North Rhine-Westphalia'),
('Villingen-Schwenningen', 'Baden-Württemberg'),
('Vilsbiburg', 'Bavaria'),
('Vilseck', 'Bavaria'),
('Vilshofen an der Donau', 'Bavaria'),
('Visselhövede', 'Lower Saxony'),
('Vlotho', 'North Rhine-Westphalia'),
('Voerde', 'North Rhine-Westphalia'),
('Vogtsburg', 'Baden-Württemberg'),
('Vohburg a.d.Donau', 'Bavaria'),
('Vohenstrauß', 'Bavaria'),
('Volkach', 'Bavaria'),
('Volkmarsen', 'Hesse'),
('Vreden', 'North Rhine-Westphalia'),
('Vöhrenbach', 'Baden-Württemberg'),
('Vöhringen', 'Bavaria'),
('Völklingen', 'Saarland'),
('Wachenheim', 'Rhineland-Palatinate'),
('Wadern', 'Saarland'),
('Waghäusel', 'Baden-Württemberg'),
('Wahlstedt', 'Schleswig-Holstein'),
('Waiblingen', 'Baden-Württemberg'),
('Waibstadt', 'Baden-Württemberg'),
('Waischenfeld', 'Bavaria'),
('Waldbröl', 'North Rhine-Westphalia'),
('Waldeck', 'Hesse'),
('Waldenbuch', 'Baden-Württemberg'),
('Waldenburg', 'Baden-Württemberg'),
('Waldenburg', 'Saxony'),
('Waldershof', 'Bavaria'),
('Waldheim', 'Saxony'),
('Waldkappel', 'Hesse'),
('Waldkirchen', 'Bavaria'),
('Waldkirch', 'Baden-Württemberg'),
('Waldkraiburg', 'Bavaria'),
('Waldmohr', 'Rhineland-Palatinate'),
('Waldmünchen', 'Bavaria'),
('Waldsassen', 'Bavaria'),
('Waldshut-Tiengen', 'Baden-Württemberg'),
('Walldorf', 'Baden-Württemberg'),
('Walldürn', 'Baden-Württemberg'),
('Wallenfels', 'Bavaria'),
('Walsrode', 'Lower Saxony'),
('Waltershausen', 'Thuringia'),
('Waltrop', 'North Rhine-Westphalia'),
('Wanfried', 'Hesse'),
('Wangen im Allgäu', 'Baden-Württemberg'),
('Wanzleben-Börde', 'Saxony-Anhalt'),
('Warburg', 'North Rhine-Westphalia'),
('Warendorf', 'North Rhine-Westphalia'),
('Waren', 'Mecklenburg-Western Pomerania'),
('Warin', 'Mecklenburg-Western Pomerania'),
('Warstein', 'North Rhine-Westphalia'),
('Wassenberg', 'North Rhine-Westphalia'),
('Wasserburg am Inn', 'Bavaria'),
('Wassertrüdingen', 'Bavaria'),
('Wasungen', 'Thuringia'),
('Wedel', 'Schleswig-Holstein'),
('Weener', 'Lower Saxony'),
('Wegberg', 'North Rhine-Westphalia'),
('Wegeleben', 'Saxony-Anhalt'),
('Wehr', 'Baden-Württemberg'),
('Weida', 'Thuringia'),
('Weiden in der Oberpfalz', 'Bavaria'),
('Weikersheim', 'Baden-Württemberg'),
('Weil am Rhein, Germany', 'Baden-Württemberg'),
('Weil der Stadt', 'Baden-Württemberg'),
('Weilburg', 'Hesse'),
('Weilheim an der Teck', 'Baden-Württemberg'),
('Weilheim in Oberbayern', 'Bavaria'),
('Weimar', 'Thuringia'),
('Weingarten', 'Baden-Württemberg'),
('Weinheim', 'Baden-Württemberg'),
('Weinsberg', 'Baden-Württemberg'),
('Weinstadt', 'Baden-Württemberg'),
('Weismain', 'Bavaria'),
('Weiterstadt', 'Hesse'),
('Weißenberg', 'Saxony'),
('Weißenburg in Bayern', 'Bavaria'),
('Weißenfels', 'Saxony-Anhalt'),
('Weißenhorn', 'Bavaria'),
('Weißensee', 'Thuringia'),
('Weißenstadt', 'Bavaria'),
('Weißenthurm', 'Rhineland-Palatinate'),
('Weißwasser', 'Saxony'),
('Welzheim', 'Baden-Württemberg'),
('Welzow', 'Brandenburg'),
('Wemding', 'Bavaria'),
('Wendlingen', 'Baden-Württemberg'),
('Werben', 'Saxony-Anhalt'),
('Werdau', 'Saxony'),
('Werder (Havel)', 'Brandenburg'),
('Werdohl', 'North Rhine-Westphalia'),
('Werlte', 'Lower Saxony'),
('Werl', 'North Rhine-Westphalia'),
('Wermelskirchen', 'North Rhine-Westphalia'),
('Wernau', 'Baden-Württemberg'),
('Werneuchen', 'Brandenburg'),
('Werne', 'North Rhine-Westphalia'),
('Wernigerode', 'Saxony-Anhalt'),
('Werra-Suhl-Tal', 'Thuringia'),
('Wertheim', 'Baden-Württemberg'),
('Werther (Westf.)', 'North Rhine-Westphalia'),
('Wertingen', 'Bavaria'),
('Wesel', 'North Rhine-Westphalia'),
('Wesenberg', 'Mecklenburg-Western Pomerania'),
('Wesselburen', 'Schleswig-Holstein'),
('Wesseling', 'North Rhine-Westphalia'),
('Westerburg', 'Rhineland-Palatinate'),
('Westerstede', 'Lower Saxony'),
('Wetter (Hessen)', 'Hesse'),
('Wetter', 'North Rhine-Westphalia'),
('Wettin-Löbejün', 'Saxony-Anhalt'),
('Wetzlar', 'Hesse'),
('Widdern', 'Baden-Württemberg'),
('Wiehl', 'North Rhine-Westphalia'),
('Wiesbaden', 'Hesse'),
('Wiesensteig', 'Baden-Württemberg'),
('Wiesloch', 'Baden-Württemberg'),
('Wiesmoor', 'Lower Saxony'),
('Wildau', 'Brandenburg'),
('Wildberg', 'Baden-Württemberg'),
('Wildenfels', 'Saxony'),
('Wildeshausen', 'Lower Saxony'),
('Wilhelmshaven', 'Lower Saxony'),
('Wilkau-Haßlau', 'Saxony'),
('Willebadessen', 'North Rhine-Westphalia'),
('Willich', 'North Rhine-Westphalia'),
('Wilsdruff', 'Saxony'),
('Wilster', 'Schleswig-Holstein'),
('Wilthen', 'Saxony'),
('Windischeschenbach', 'Bavaria'),
('Windsbach', 'Bavaria'),
('Winnenden', 'Baden-Württemberg'),
('Winsen', 'Lower Saxony'),
('Winterberg', 'North Rhine-Westphalia'),
('Wipperfürth', 'North Rhine-Westphalia'),
('Wirges', 'Rhineland-Palatinate'),
('Wismar', 'Mecklenburg-Western Pomerania'),
('Wissen', 'Rhineland-Palatinate'),
('Wittenberge', 'Brandenburg'),
('Wittenberg', 'Saxony-Anhalt'),
('Wittenburg', 'Mecklenburg-Western Pomerania'),
('Witten', 'North Rhine-Westphalia'),
('Wittichenau', 'Saxony'),
('Wittingen', 'Lower Saxony'),
('Wittlich', 'Rhineland-Palatinate'),
('Wittmund', 'Lower Saxony'),
('Wittstock', 'Brandenburg'),
('Witzenhausen, Germany', 'Hesse'),
('Woldegk', 'Mecklenburg-Western Pomerania'),
('Wolfach', 'Baden-Württemberg'),
('Wolfenbüttel', 'Lower Saxony'),
('Wolfhagen', 'Hesse'),
('Wolframs-Eschenbach', 'Bavaria'),
('Wolfratshausen', 'Bavaria'),
('Wolfsburg', 'Lower Saxony'),
('Wolfstein', 'Rhineland-Palatinate'),
('Wolgast', 'Mecklenburg-Western Pomerania'),
('Wolkenstein', 'Saxony'),
('Wolmirstedt', 'Saxony-Anhalt'),
('Worms', 'Rhineland-Palatinate'),
('Wriezen', 'Brandenburg'),
('Wunsiedel', 'Bavaria'),
('Wunstorf', 'Lower Saxony'),
('Wuppertal', 'North Rhine-Westphalia'),
('Wurzbach', 'Thuringia'),
('Wurzen', 'Saxony'),
('Wustrow', 'Lower Saxony'),
('Wyk auf Föhra Wik / Vyk', 'Schleswig-Holstein'),
('Wächtersbach', 'Hesse'),
('Wörrstadt', 'Rhineland-Palatinate'),
('Wörth am Main', 'Bavaria'),
('Wörth am Rhein', 'Rhineland-Palatinate'),
('Wörth an der Donau', 'Bavaria'),
('Wülfrath', 'North Rhine-Westphalia'),
('Würselen', 'North Rhine-Westphalia'),
('Würzburg', 'Bavaria'),
('Xanten', 'North Rhine-Westphalia'),
('Zahna-Elster', 'Saxony-Anhalt'),
('Zarrentin am Schaalsee', 'Mecklenburg-Western Pomerania'),
('Zehdenick', 'Brandenburg'),
('Zeil am Main', 'Bavaria'),
('Zeitz', 'Saxony-Anhalt'),
('Zell am Harmersbach', 'Baden-Württemberg'),
('Zell im Wiesental', 'Baden-Württemberg'),
('Zella-Mehlis', 'Thuringia'),
('Zell', 'Rhineland-Palatinate'),
('Zerbst', 'Saxony-Anhalt'),
('Zeulenroda-Triebes', 'Thuringia'),
('Zeven', 'Lower Saxony'),
('Ziegenrück', 'Thuringia'),
('Zierenberg', 'Hesse'),
('Ziesar', 'Brandenburg'),
('Zirndorf', 'Bavaria'),
('Zittau', 'Saxony'),
('Zossen', 'Brandenburg'),
('Zschopau', 'Saxony'),
('Zweibrücken', 'Rhineland-Palatinate'),
('Zwenkau', 'Saxony'),
('Zwickau', 'Saxony'),
('Zwiesel', 'Bavaria'),
('Zwingenberg', 'Hesse'),
('Zwönitz', 'Saxony'),
('Zörbig', 'Saxony-Anhalt'),
('Zülpich', 'North Rhine-Westphalia'),
('Öhringen', 'Baden-Württemberg'),
('Östringen', 'Baden-Württemberg'),
('Übach-Palenberg', 'North Rhine-Westphalia'),
('Überlingen', 'Baden-Württemberg'),
('Aachen', 'North Rhine-Westphalia'),
('Aach', 'Baden-Württemberg'),
('Aalen', 'Baden-Württemberg'),
('Abenberg', 'Bavaria'),
('Abensberg', 'Bavaria'),
('Achern', 'Baden-Württemberg'),
('Achim', 'Lower Saxony'),
('Adelsheim', 'Baden-Württemberg'),
('Adenau', 'Rhineland-Palatinate'),
('Adorf', 'Saxony'),
('Ahaus', 'North Rhine-Westphalia'),
('Ahlen', 'North Rhine-Westphalia'),
('Ahrensburg', 'Schleswig-Holstein'),
('Aichach', 'Bavaria'),
('Aichtal', 'Baden-Württemberg'),
('Aken', 'Saxony-Anhalt'),
('Albstadt', 'Baden-Württemberg'),
('Alfeld', 'Lower Saxony'),
('Allendorf', 'Hesse'),
('Allstedt', 'Saxony-Anhalt'),
('Alpirsbach', 'Baden-Württemberg'),
('Alsdorf', 'North Rhine-Westphalia'),
('Alsfeld', 'Hesse'),
('Alsleben', 'Saxony-Anhalt'),
('Altdorf bei Nürnberg', 'Bavaria'),
('Altena', 'North Rhine-Westphalia'),
('Altenberg', 'Saxony'),
('Altenburg', 'Thuringia'),
('Altenkirchen', 'Rhineland-Palatinate'),
('Altensteig', 'Baden-Württemberg'),
('Altentreptow', 'Mecklenburg-Western Pomerania'),
('Altlandsberg', 'Brandenburg'),
('Altötting', 'Bavaria'),
('Alzenau', 'Bavaria'),
('Alzey', 'Rhineland-Palatinate'),
('Amberg', 'Bavaria'),
('Amorbach', 'Bavaria'),
('Amt Creuzburg', 'Thuringia'),
('Amöneburg', 'Hesse'),
('An der Schmücke', 'Thuringia'),
('Andernach', 'Rhineland-Palatinate'),
('Angermünde', 'Brandenburg'),
('Anklam', 'Mecklenburg-Western Pomerania'),
('Annaberg-Buchholz', 'Saxony'),
('Annaburg', 'Saxony-Anhalt'),
('Annweiler am Trifels', 'Rhineland-Palatinate'),
('Ansbach', 'Bavaria'),
('Apolda', 'Thuringia'),
('Arendsee', 'Saxony-Anhalt'),
('Arneburg', 'Saxony-Anhalt'),
('ArnisArnæs', 'Schleswig-Holstein'),
('Arnsberg', 'North Rhine-Westphalia'),
('Arnstadt', 'Thuringia'),
('Arnstein', 'Bavaria'),
('Arnstein', 'Saxony-Anhalt'),
('Artern', 'Thuringia'),
('Arzberg', 'Bavaria'),
('Aschaffenburg', 'Bavaria'),
('Aschersleben', 'Saxony-Anhalt'),
('Asperg', 'Baden-Württemberg'),
('Attendorn', 'North Rhine-Westphalia'),
('Aub', 'Bavaria'),
('Aue-Bad Schlema', 'Saxony'),
('Auerbach in der Oberpfalz', 'Bavaria'),
('Auerbach', 'Saxony'),
('Augsburg', 'Bavaria'),
('Augustusburg', 'Saxony'),
('Aulendorf', 'Baden-Württemberg'),
('Auma-Weidatal', 'Thuringia'),
('Aurich', 'Lower Saxony'),
('Aßlar', 'Hesse'),
('Babenhausen', 'Hesse'),
('Bacharach', 'Rhineland-Palatinate'),
('Backnang', 'Baden-Württemberg'),
('Bad Aibling', 'Bavaria'),
('Bad Arolsen', 'Hesse'),
('Bad Belzig', 'Brandenburg'),
('Bad Bentheim', 'Lower Saxony'),
('Bad Bergzabern', 'Rhineland-Palatinate'),
('Bad Berka', 'Thuringia'),
('Bad Berleburg', 'North Rhine-Westphalia'),
('Bad Berneck i.Fichtelgebirge', 'Bavaria'),
('Bad Bevensen', 'Lower Saxony'),
('Bad Bibra', 'Saxony-Anhalt'),
('Bad Blankenburg', 'Thuringia'),
('Bad Bramstedt', 'Schleswig-Holstein'),
('Bad Breisig', 'Rhineland-Palatinate'),
('Bad Brückenau', 'Bavaria'),
('Bad Buchau', 'Baden-Württemberg'),
('Bad Camberg', 'Hesse'),
('Bad Doberan', 'Mecklenburg-Western Pomerania'),
('Bad Driburg', 'North Rhine-Westphalia'),
('Bad Düben', 'Saxony'),
('Bad Dürkheim', 'Rhineland-Palatinate'),
('Bad Dürrenberg', 'Saxony-Anhalt'),
('Bad Dürrheim', 'Baden-Württemberg'),
('Bad Elster', 'Saxony'),
('Bad Ems', 'Rhineland-Palatinate'),
('Bad Fallingbostel', 'Lower Saxony'),
('Bad Frankenhausen', 'Thuringia'),
('Bad Freienwalde', 'Brandenburg'),
('Bad Friedrichshall', 'Baden-Württemberg'),
('Bad Gandersheim', 'Lower Saxony'),
('Bad Gottleuba-Berggießhübel', 'Saxony'),
('Bad Griesbach im Rottal', 'Bavaria'),
('Bad Harzburg', 'Lower Saxony'),
('Bad Herrenalb', 'Baden-Württemberg'),
('Bad Hersfeld', 'Hesse'),
('Bad Homburg v. d. Höhe', 'Hesse'),
('Bad Honnef', 'North Rhine-Westphalia'),
('Bad Hönningen', 'Rhineland-Palatinate'),
('Bad Iburg', 'Lower Saxony'),
('Bad Karlshafen', 'Hesse'),
('Bad Kissingen', 'Bavaria'),
('Bad Kreuznach', 'Rhineland-Palatinate'),
('Bad Krozingen', 'Baden-Württemberg'),
('Bad Königshofen', 'Bavaria'),
('Bad König', 'Hesse'),
('Bad Köstritz', 'Thuringia'),
('Bad Kötzting', 'Bavaria'),
('Bad Laasphe', 'North Rhine-Westphalia'),
('Bad Langensalza', 'Thuringia'),
('Bad Lauchstädt', 'Saxony-Anhalt'),
('Bad Lausick', 'Saxony'),
('Bad Lauterberg', 'Lower Saxony'),
('Bad Liebenstein', 'Thuringia'),
('Bad Liebenwerda', 'Brandenburg'),
('Bad Liebenzell', 'Baden-Württemberg'),
('Bad Lippspringe', 'North Rhine-Westphalia'),
('Bad Lobenstein', 'Thuringia'),
('Bad Marienberg', 'Rhineland-Palatinate'),
('Bad Mergentheim', 'Baden-Württemberg'),
('Bad Muskau', 'Saxony'),
('Bad Münder', 'Lower Saxony'),
('Bad Münstereifel', 'North Rhine-Westphalia'),
('Bad Nauheim', 'Hesse'),
('Bad Nenndorf', 'Lower Saxony'),
('Bad Neuenahr-Ahrweiler', 'Rhineland-Palatinate'),
('Bad Neustadt an der Saale', 'Bavaria'),
('Bad Oeynhausen', 'North Rhine-Westphalia'),
('Bad Oldesloe', 'Schleswig-Holstein'),
('Bad Orb', 'Hesse'),
('Bad Pyrmont', 'Lower Saxony'),
('Bad Rappenau', 'Baden-Württemberg'),
('Bad Reichenhall', 'Bavaria'),
('Bad Rodach', 'Bavaria'),
('Bad Sachsa', 'Lower Saxony'),
('Bad Salzdetfurth', 'Lower Saxony'),
('Bad Salzuflen', 'North Rhine-Westphalia'),
('Bad Salzungen', 'Thuringia'),
('Bad Saulgau', 'Baden-Württemberg'),
('Bad Schandau', 'Saxony'),
('Bad Schmiedeberg', 'Saxony-Anhalt'),
('Bad Schussenried', 'Baden-Württemberg'),
('Bad Schwalbach', 'Hesse'),
('Bad Schwartau', 'Schleswig-Holstein'),
('Bad Segeberg', 'Schleswig-Holstein'),
('Bad Sobernheim', 'Rhineland-Palatinate'),
('Bad Soden-Salmünster', 'Hesse'),
('Bad Soden', 'Hesse'),
('Bad Sooden-Allendorf', 'Hesse'),
('Bad Staffelstein', 'Bavaria'),
('Bad Sulza', 'Thuringia'),
('Bad Säckingen', 'Baden-Württemberg'),
('Bad Sülze', 'Mecklenburg-Western Pomerania'),
('Bad Teinach-Zavelstein', 'Baden-Württemberg'),
('Bad Tennstedt', 'Thuringia'),
('Bad Tölz', 'Bavaria'),
('Bad Urach', 'Baden-Württemberg'),
('Bad Vilbel', 'Hesse'),
('Bad Waldsee', 'Baden-Württemberg'),
('Bad Wildbad', 'Baden-Württemberg'),
('Bad Wildungen', 'Hesse'),
('Bad Wilsnack', 'Brandenburg'),
('Bad Wimpfen', 'Baden-Württemberg'),
('Bad Windsheim', 'Bavaria'),
('Bad Wurzach', 'Baden-Württemberg'),
('Bad Wörishofen', 'Bavaria'),
('Bad Wünnenberg', 'North Rhine-Westphalia'),
('Baden-Baden', 'Baden-Württemberg'),
('Baesweiler', 'North Rhine-Westphalia'),
('Baiersdorf', 'Bavaria'),
('Balingen', 'Baden-Württemberg'),
('Ballenstedt', 'Saxony-Anhalt'),
('Balve', 'North Rhine-Westphalia'),
('Bamberg', 'Bavaria'),
('Barby', 'Saxony-Anhalt'),
('Bargteheide', 'Schleswig-Holstein'),
('Barmstedt', 'Schleswig-Holstein'),
('Barntrup', 'North Rhine-Westphalia'),
('Barsinghausen', 'Lower Saxony'),
('Barth', 'Mecklenburg-Western Pomerania'),
('Baruth/Mark', 'Brandenburg'),
('Bassum', 'Lower Saxony'),
('Battenberg', 'Hesse'),
('Baumholder', 'Rhineland-Palatinate'),
('Baunach', 'Bavaria'),
('Baunatal', 'Hesse'),
('Bautzen', 'Saxony'),
('Bayreuth', 'Bavaria'),
('Bebra', 'Hesse'),
('Beckum', 'North Rhine-Westphalia'),
('Bedburg', 'North Rhine-Westphalia'),
('Beelitz', 'Brandenburg'),
('Beeskow', 'Brandenburg'),
('Beilngries', 'Bavaria'),
('Beilstein', 'Baden-Württemberg'),
('Belgern-Schildau', 'Saxony'),
('Bendorf', 'Rhineland-Palatinate'),
('Bensheim', 'Hesse'),
('Berching', 'Bavaria'),
('Berga', 'Thuringia'),
('Bergen auf Rügen', 'Mecklenburg-Western Pomerania'),
('Bergen', 'Lower Saxony'),
('Bergheim', 'North Rhine-Westphalia'),
('Bergisch Gladbach', 'North Rhine-Westphalia'),
('Bergkamen', 'North Rhine-Westphalia'),
('Bergneustadt', 'North Rhine-Westphalia'),
('Berlin', 'Berlin'),
('Bernau bei Berlin', 'Brandenburg'),
('Bernburg', 'Saxony-Anhalt'),
('Bernkastel-Kues', 'Rhineland-Palatinate'),
('Bernsdorf', 'Saxony'),
('Bernstadt auf dem Eigen', 'Saxony'),
('Bersenbrück', 'Lower Saxony'),
('Besigheim', 'Baden-Württemberg'),
('Betzdorf', 'Rhineland-Palatinate'),
('Betzenstein', 'Bavaria'),
('Beverungen', 'North Rhine-Westphalia'),
('Bexbach', 'Saarland'),
('Biberach an der Riss', 'Baden-Württemberg'),
('Biedenkopf', 'Hesse'),
('Bielefeld', 'North Rhine-Westphalia'),
('Biesenthal', 'Brandenburg'),
('Bietigheim-Bissingen', 'Baden-Württemberg'),
('Billerbeck', 'North Rhine-Westphalia'),
('Bingen am Rhein', 'Rhineland-Palatinate'),
('Birkenfeld', 'Rhineland-Palatinate'),
('Bischofsheim i.d.Rhön', 'Bavaria'),
('Bischofswerda', 'Saxony'),
('Bismark', 'Saxony-Anhalt'),
('Bitburg', 'Rhineland-Palatinate'),
('Bitterfeld-Wolfen', 'Saxony-Anhalt'),
('Blankenburg', 'Saxony-Anhalt'),
('Blankenhain', 'Thuringia'),
('Blaubeuren', 'Baden-Württemberg'),
('Blaustein', 'Baden-Württemberg'),
('Bleckede', 'Lower Saxony'),
('Bleicherode', 'Thuringia'),
('Blieskastel', 'Saarland'),
('Blomberg', 'North Rhine-Westphalia'),
('Blumberg', 'Baden-Württemberg'),
('Bobingen', 'Bavaria'),
('Bocholt', 'North Rhine-Westphalia'),
('Bochum', 'North Rhine-Westphalia'),
('Bockenem', 'Lower Saxony'),
('Bodenwerder', 'Lower Saxony'),
('Bogen', 'Bavaria'),
('Boizenburg', 'Mecklenburg-Western Pomerania'),
('Bonndorf im Schwarzwald', 'Baden-Württemberg'),
('Bonn', 'North Rhine-Westphalia'),
('Bopfingen', 'Baden-Württemberg'),
('Boppard', 'Rhineland-Palatinate'),
('Borgentreich', 'North Rhine-Westphalia'),
('Borgholzhausen', 'North Rhine-Westphalia'),
('Borken', 'Hesse'),
('Borken', 'North Rhine-Westphalia'),
('Borkum', 'Lower Saxony'),
('Borna', 'Saxony'),
('Bornheim', 'North Rhine-Westphalia'),
('Bottrop', 'North Rhine-Westphalia'),
('Boxberg', 'Baden-Württemberg'),
('Brackenheim', 'Baden-Württemberg'),
('Brakel', 'North Rhine-Westphalia'),
('Brake', 'Lower Saxony'),
('Bramsche', 'Lower Saxony'),
('Brand-Erbisdorf', 'Saxony'),
('Brandenburg an der Havel', 'Brandenburg'),
('Brandis', 'Saxony'),
('Braubach', 'Rhineland-Palatinate'),
('Braunfels', 'Hesse'),
('Braunlage', 'Lower Saxony'),
('Braunsbedra', 'Saxony-Anhalt'),
('Breckerfeld', 'North Rhine-Westphalia'),
('BredstedtBräist / Bredsted', 'Schleswig-Holstein'),
('Breisach', 'Baden-Württemberg'),
('Bremen', 'Bremen'),
('Bremerhaven', 'Bremen'),
('Bremervörde', 'Lower Saxony'),
('Bretten', 'Baden-Württemberg'),
('Breuberg', 'Hesse'),
('Brilon', 'North Rhine-Westphalia'),
('Brotterode-Trusetal', 'Thuringia'),
('Bruchköbel', 'Hesse'),
('Bruchsal', 'Baden-Württemberg'),
('Brunsbüttel', 'Schleswig-Holstein'),
('Brunswick', 'Lower Saxony'),
('Bräunlingen', 'Baden-Württemberg'),
('Brück', 'Brandenburg'),
('Brüel', 'Mecklenburg-Western Pomerania'),
('Brühl', 'North Rhine-Westphalia'),
('Brüssow', 'Brandenburg'),
('Buchen', 'Baden-Württemberg'),
('Buchholz in der Nordheide', 'Lower Saxony'),
('Buchloe', 'Bavaria'),
('Buckow', 'Brandenburg'),
('Burg Stargard', 'Mecklenburg-Western Pomerania'),
('Burgau', 'Bavaria'),
('Burgbernheim', 'Bavaria'),
('Burgdorf', 'Lower Saxony'),
('Burghausen', 'Bavaria'),
('Burgkunstadt', 'Bavaria'),
('Burglengenfeld', 'Bavaria'),
('Burgstädt', 'Saxony'),
('Burgwedel', 'Lower Saxony'),
('Burg', 'Saxony-Anhalt'),
('Burladingen', 'Baden-Württemberg'),
('Burscheid', 'North Rhine-Westphalia'),
('Butzbach', 'Hesse'),
('Bärnau', 'Bavaria'),
('Böblingen', 'Baden-Württemberg'),
('Böhlen', 'Saxony'),
('Bönnigheim', 'Baden-Württemberg'),
('Bückeburg', 'Lower Saxony'),
('Büdelsdorf', 'Schleswig-Holstein'),
('Büdingen', 'Hesse'),
('Bühl', 'Baden-Württemberg'),
('Bünde', 'North Rhine-Westphalia'),
('Büren', 'North Rhine-Westphalia'),
('Bürgel', 'Thuringia'),
('Bürstadt', 'Hesse'),
('Bützow', 'Mecklenburg-Western Pomerania'),
('Calau', 'Brandenburg'),
('Calbe', 'Saxony-Anhalt'),
('Calw', 'Baden-Württemberg'),
('Castrop-Rauxel', 'North Rhine-Westphalia'),
('Celle', 'Lower Saxony'),
('Cham', 'Bavaria'),
('Chemnitz', 'Saxony'),
('Clausthal-Zellerfeld', 'Lower Saxony'),
('Clingen', 'Thuringia'),
('Cloppenburg', 'Lower Saxony'),
('Coburg', 'Bavaria'),
('Cochem', 'Rhineland-Palatinate'),
('Coesfeld', 'North Rhine-Westphalia'),
('Colditz', 'Saxony'),
('Cologne', 'North Rhine-Westphalia'),
('Constance', 'Baden-Württemberg'),
('Coswig', 'Saxony'),
('Coswig', 'Saxony-Anhalt'),
('Cottbus/Chóśebuz', 'Brandenburg'),
('Crailsheim', 'Baden-Württemberg'),
('Creglingen', 'Baden-Württemberg'),
('Creußen', 'Bavaria'),
('Crimmitschau', 'Saxony'),
('Crivitz', 'Mecklenburg-Western Pomerania'),
('Cuxhaven', 'Lower Saxony'),
('Daaden', 'Rhineland-Palatinate'),
('Dachau, Bavaria', 'Bavaria'),
('Dahlen', 'Saxony'),
('Dahme', 'Brandenburg'),
('Dahn', 'Rhineland-Palatinate'),
('Damme', 'Lower Saxony'),
('Dannenberg', 'Lower Saxony'),
('Dargun', 'Mecklenburg-Western Pomerania'),
('Darmstadt', 'Hesse'),
('Dassel', 'Lower Saxony'),
('Dassow', 'Mecklenburg-Western Pomerania'),
('Datteln', 'North Rhine-Westphalia'),
('Daun', 'Rhineland-Palatinate'),
('Deggendorf', 'Bavaria'),
('Deidesheim', 'Rhineland-Palatinate'),
('Delbrück', 'North Rhine-Westphalia'),
('Delitzsch', 'Saxony'),
('Delmenhorst', 'Lower Saxony'),
('Demmin', 'Mecklenburg-Western Pomerania'),
('Dessau-Roßlau', 'Saxony-Anhalt'),
('Detmold', 'North Rhine-Westphalia'),
('Dettelbach', 'Bavaria'),
('Dieburg', 'Hesse'),
('Diemelstadt', 'Hesse'),
('Diepholz', 'Lower Saxony'),
('Dierdorf', 'Rhineland-Palatinate'),
('Dietenheim', 'Baden-Württemberg'),
('Dietfurt a.d. Altmühl', 'Bavaria'),
('Dietzenbach', 'Hesse'),
('Diez, Germany', 'Rhineland-Palatinate'),
('Dillenburg', 'Hesse'),
('Dillingen an der Donau', 'Bavaria'),
('Dillingen', 'Saarland'),
('Dingelstädt', 'Thuringia'),
('Dingolfing', 'Bavaria'),
('Dinkelsbühl', 'Bavaria'),
('Dinklage', 'Lower Saxony'),
('Dinslaken', 'North Rhine-Westphalia'),
('Dippoldiswalde', 'Saxony'),
('Dissen, Lower Saxony', 'Lower Saxony'),
('Ditzingen', 'Baden-Württemberg'),
('Doberlug-Kirchhain', 'Brandenburg'),
('Dohna', 'Saxony'),
('Dommitzsch', 'Saxony'),
('Donaueschingen', 'Baden-Württemberg'),
('Donauwörth', 'Bavaria'),
('Donzdorf', 'Baden-Württemberg'),
('Dorfen', 'Bavaria'),
('Dormagen', 'North Rhine-Westphalia'),
('Dornburg-Camburg', 'Thuringia'),
('Dornhan', 'Baden-Württemberg'),
('Dornstetten', 'Baden-Württemberg'),
('Dorsten', 'North Rhine-Westphalia'),
('Dortmund', 'North Rhine-Westphalia'),
('Dransfeld', 'Lower Saxony'),
('Drebkau', 'Brandenburg'),
('Dreieich', 'Hesse'),
('Drensteinfurt', 'North Rhine-Westphalia'),
('Dresden', 'Saxony'),
('Drolshagen', 'North Rhine-Westphalia'),
('Duderstadt', 'Lower Saxony'),
('Duisburg', 'North Rhine-Westphalia'),
('Döbeln', 'Saxony'),
('Döbern', 'Brandenburg'),
('Dömitz', 'Mecklenburg-Western Pomerania'),
('Dülmen', 'North Rhine-Westphalia'),
('Düren', 'North Rhine-Westphalia'),
('Düsseldorf', 'North Rhine-Westphalia'),
('Ebeleben', 'Thuringia'),
('Eberbach', 'Baden-Württemberg'),
('Ebermannstadt', 'Bavaria'),
('Ebern', 'Bavaria'),
('Ebersbach an der Fils', 'Baden-Württemberg'),
('Ebersbach-Neugersdorf', 'Saxony'),
('Ebersberg', 'Bavaria'),
('Eberswalde', 'Brandenburg'),
('Eckartsberga', 'Saxony-Anhalt'),
('Eckernförde Eckernföör, Egernførde', 'Schleswig-Holstein'),
('Edenkoben', 'Rhineland-Palatinate'),
('Egeln', 'Saxony-Anhalt'),
('Eggenfelden', 'Bavaria'),
('Eggesin', 'Mecklenburg-Western Pomerania'),
('Ehingen', 'Baden-Württemberg'),
('Ehrenfriedersdorf', 'Saxony'),
('Eibelstadt', 'Bavaria'),
('Eibenstock', 'Saxony'),
('Eichstätt', 'Bavaria'),
('Eilenburg', 'Saxony'),
('Einbeck', 'Lower Saxony'),
('Eisenach', 'Thuringia'),
('Eisenberg', 'Rhineland-Palatinate'),
('Eisenberg', 'Thuringia'),
('Eisenhüttenstadt', 'Brandenburg'),
('Eisfeld', 'Thuringia'),
('Eisleben', 'Saxony-Anhalt'),
('Eislingen', 'Baden-Württemberg'),
('Ellingen', 'Bavaria'),
('Ellrich', 'Thuringia'),
('Ellwangen', 'Baden-Württemberg'),
('Elmshorn', 'Schleswig-Holstein'),
('Elsdorf', 'North Rhine-Westphalia'),
('Elsfleth', 'Lower Saxony'),
('Elsterberg', 'Saxony'),
('Elsterwerda', 'Brandenburg'),
('Elstra', 'Saxony'),
('Elterlein', 'Saxony'),
('Eltmann', 'Bavaria'),
('Eltville', 'Hesse'),
('Elzach', 'Baden-Württemberg'),
('Elze', 'Lower Saxony'),
('Emden', 'Lower Saxony'),
('Emmelshausen', 'Rhineland-Palatinate'),
('Emmendingen', 'Baden-Württemberg'),
('Emmerich', 'North Rhine-Westphalia'),
('Emsdetten', 'North Rhine-Westphalia'),
('Endingen', 'Baden-Württemberg'),
('Engen', 'Baden-Württemberg'),
('Enger', 'North Rhine-Westphalia'),
('Ennepetal', 'North Rhine-Westphalia'),
('Ennigerloh', 'North Rhine-Westphalia'),
('Eppelheim', 'Baden-Württemberg'),
('Eppingen', 'Baden-Württemberg'),
('Eppstein', 'Hesse'),
('Erbach', 'Baden-Württemberg'),
('Erbach', 'Hesse'),
('Erbendorf', 'Bavaria'),
('Erding', 'Bavaria'),
('Erftstadt', 'North Rhine-Westphalia'),
('Erfurt', 'Thuringia'),
('Erkelenz', 'North Rhine-Westphalia'),
('Erkner', 'Brandenburg'),
('Erkrath', 'North Rhine-Westphalia'),
('Erlangen', 'Bavaria'),
('Erlenbach a.Main', 'Bavaria'),
('Erlensee', 'Hesse'),
('Erwitte', 'North Rhine-Westphalia'),
('Eschborn', 'Hesse'),
('Eschenbach in der Oberpfalz', 'Bavaria'),
('Eschershausen', 'Lower Saxony'),
('Eschwege', 'Hesse'),
('Eschweiler', 'North Rhine-Westphalia'),
('Espelkamp', 'North Rhine-Westphalia'),
('Essen', 'Lower Saxony'),
('Essen', 'North Rhine-Westphalia'),
('Esslingen am Neckar', 'Baden-Württemberg'),
('Ettenheim', 'Baden-Württemberg'),
('Ettlingen', 'Baden-Württemberg'),
('Euskirchen', 'North Rhine-Westphalia'),
('Eutin', 'Schleswig-Holstein'),
('Falkenberg/Elster', 'Brandenburg'),
('Falkensee', 'Brandenburg'),
('Falkenstein/Harz', 'Saxony-Anhalt'),
('Falkenstein', 'Saxony'),
('Fehmarn', 'Schleswig-Holstein'),
('Fellbach', 'Baden-Württemberg'),
('Felsberg', 'Hesse'),
('Feuchtwangen', 'Bavaria'),
('Filderstadt', 'Baden-Württemberg'),
('Finsterwalde', 'Brandenburg'),
('Fladungen', 'Bavaria'),
('Flensburg', 'Schleswig-Holstein'),
('Florstadt', 'Hesse'),
('Flöha', 'Saxony'),
('Flörsheim am Main', 'Hesse'),
('Forchheim', 'Bavaria'),
('Forchtenberg', 'Baden-Württemberg'),
('Forst (Lausitz)', 'Brandenburg'),
('Frankenau', 'Hesse'),
('Frankenberg', 'Hesse'),
('Frankenberg', 'Saxony'),
('Frankenthal (Pfalz)', 'Rhineland-Palatinate'),
('Frankfurt (Oder)', 'Brandenburg'),
('Frankfurt am Main', 'Hesse'),
('Franzburg', 'Mecklenburg-Western Pomerania'),
('Frauenstein', 'Saxony'),
('Frechen', 'North Rhine-Westphalia'),
('Freiberg am Neckar', 'Baden-Württemberg'),
('Freiberg', 'Saxony'),
('Freiburg im Breisgau', 'Baden-Württemberg'),
('Freilassing', 'Bavaria'),
('Freinsheim', 'Rhineland-Palatinate'),
('Freising', 'Bavaria'),
('Freital', 'Saxony'),
('Freren', 'Lower Saxony'),
('Freudenberg', 'Baden-Württemberg'),
('Freudenberg', 'North Rhine-Westphalia'),
('Freudenstadt', 'Baden-Württemberg'),
('Freyburg', 'Saxony-Anhalt'),
('Freystadt', 'Bavaria'),
('Freyung', 'Bavaria'),
('Fridingen', 'Baden-Württemberg'),
('Friedberg', 'Bavaria'),
('Friedberg', 'Hesse'),
('Friedland', 'Brandenburg'),
('Friedland', 'Mecklenburg-Western Pomerania'),
('Friedrichroda', 'Thuringia'),
('Friedrichsdorf', 'Hesse'),
('Friedrichshafen', 'Baden-Württemberg'),
('FriedrichstadtFrederiksstad', 'Schleswig-Holstein'),
('Friedrichsthal', 'Saarland'),
('Friesack', 'Brandenburg'),
('Friesoythe', 'Lower Saxony'),
('Fritzlar', 'Hesse'),
('Frohburg', 'Saxony'),
('Fröndenberg', 'North Rhine-Westphalia'),
('Fulda', 'Hesse'),
('Furth im Wald', 'Bavaria'),
('Furtwangen im Schwarzwald', 'Baden-Württemberg'),
('Fürstenau', 'Lower Saxony'),
('Fürstenberg', 'Brandenburg'),
('Fürstenfeldbruck', 'Bavaria'),
('Fürstenwalde/Spree', 'Brandenburg'),
('Fürth', 'Bavaria'),
('Füssen', 'Bavaria'),
('Gadebusch', 'Mecklenburg-Western Pomerania'),
('Gaggenau', 'Baden-Württemberg'),
('Gaildorf', 'Baden-Württemberg'),
('Gammertingen', 'Baden-Württemberg'),
('Garbsen', 'Lower Saxony'),
('Garching bei München', 'Bavaria'),
('Gardelegen', 'Saxony-Anhalt'),
('Garding', 'Schleswig-Holstein'),
('Gartz', 'Brandenburg'),
('Garz', 'Mecklenburg-Western Pomerania'),
('Gau-Algesheim', 'Rhineland-Palatinate'),
('Gebesee', 'Thuringia'),
('Gedern', 'Hesse'),
('Geesthacht', 'Schleswig-Holstein'),
('Geestland', 'Lower Saxony'),
('Gefell', 'Thuringia'),
('Gefrees', 'Bavaria'),
('Gehrden', 'Lower Saxony'),
('Geilenkirchen', 'North Rhine-Westphalia'),
('Geisa', 'Thuringia'),
('Geiselhöring', 'Bavaria'),
('Geisenfeld', 'Bavaria'),
('Geisenheim', 'Hesse'),
('Geisingen', 'Baden-Württemberg'),
('Geislingen an der Steige', 'Baden-Württemberg'),
('Geislingen', 'Baden-Württemberg'),
('Geithain', 'Saxony'),
('Geldern', 'North Rhine-Westphalia'),
('Gelnhausen', 'Hesse'),
('Gelsenkirchen', 'North Rhine-Westphalia'),
('Gemünden am Main', 'Bavaria'),
('Gemünden', 'Hesse'),
('Gengenbach', 'Baden-Württemberg'),
('Genthin', 'Saxony-Anhalt'),
('Georgsmarienhütte', 'Lower Saxony'),
('Gerabronn', 'Baden-Württemberg'),
('Gera', 'Thuringia'),
('Gerbstedt', 'Saxony-Anhalt'),
('Geretsried', 'Bavaria'),
('Geringswalde', 'Saxony'),
('Gerlingen', 'Baden-Württemberg'),
('Germering', 'Bavaria'),
('Germersheim', 'Rhineland-Palatinate'),
('Gernsbach', 'Baden-Württemberg'),
('Gernsheim', 'Hesse'),
('Gerolstein', 'Rhineland-Palatinate'),
('Gerolzhofen', 'Bavaria'),
('Gersfeld', 'Hesse'),
('Gersthofen', 'Bavaria'),
('Gescher', 'North Rhine-Westphalia'),
('Geseke', 'North Rhine-Westphalia'),
('Gevelsberg', 'North Rhine-Westphalia'),
('Geyer', 'Saxony'),
('Giengen', 'Baden-Württemberg'),
('Giessen', 'Hesse'),
('Gifhorn', 'Lower Saxony'),
('Ginsheim-Gustavsburg', 'Hesse'),
('Gladbeck', 'North Rhine-Westphalia'),
('Gladenbach', 'Hesse'),
('Glashütte', 'Saxony'),
('Glauchau', 'Saxony'),
('Glinde', 'Schleswig-Holstein'),
('GlücksburgLyksborg', 'Schleswig-Holstein'),
('Glückstadt', 'Schleswig-Holstein'),
('Gnoien', 'Mecklenburg-Western Pomerania'),
('Goch', 'North Rhine-Westphalia'),
('Goldberg', 'Mecklenburg-Western Pomerania'),
('Goldkronach', 'Bavaria'),
('Golßen', 'Brandenburg'),
('Gommern', 'Saxony-Anhalt'),
('Goslar', 'Lower Saxony'),
('Gotha', 'Thuringia'),
('Grabow', 'Mecklenburg-Western Pomerania'),
('Grafenau', 'Bavaria'),
('Grafenwöhr', 'Bavaria'),
('Grafing bei München', 'Bavaria'),
('Gransee', 'Brandenburg'),
('Grebenau', 'Hesse'),
('Grebenstein', 'Hesse'),
('Greding', 'Bavaria'),
('Greifswald', 'Mecklenburg-Western Pomerania'),
('Greiz', 'Thuringia'),
('Greußen', 'Thuringia'),
('Grevenbroich', 'North Rhine-Westphalia'),
('Greven', 'North Rhine-Westphalia'),
('Grevesmühlen', 'Mecklenburg-Western Pomerania'),
('Griesheim', 'Hesse'),
('Grimma', 'Saxony'),
('Grimmen', 'Mecklenburg-Western Pomerania'),
('Groitzsch', 'Saxony'),
('Gronau', 'Lower Saxony'),
('Gronau', 'North Rhine-Westphalia'),
('Groß-Bieberau', 'Hesse'),
('Groß-Gerau', 'Hesse'),
('Groß-Umstadt', 'Hesse'),
('Großalmerode', 'Hesse'),
('Großbottwar', 'Baden-Württemberg'),
('Großbreitenbach', 'Thuringia'),
('Großenhain', 'Saxony'),
('Großräschen', 'Brandenburg'),
('Großröhrsdorf', 'Saxony'),
('Großschirma', 'Saxony'),
('Gräfenberg, Bavaria', 'Bavaria'),
('Gräfenhainichen', 'Saxony-Anhalt'),
('Gräfenthal', 'Thuringia'),
('Gröditz', 'Saxony'),
('Gröningen', 'Saxony-Anhalt'),
('Grünberg', 'Hesse'),
('Grünhain-Beierfeld', 'Saxony'),
('Grünsfeld', 'Baden-Württemberg'),
('Grünstadt', 'Rhineland-Palatinate'),
('Guben', 'Brandenburg'),
('Gudensberg', 'Hesse'),
('Gummersbach', 'North Rhine-Westphalia'),
('Gundelfingen an der Donau', 'Bavaria'),
('Gundelsheim', 'Baden-Württemberg'),
('Gunzenhausen', 'Bavaria'),
('Göppingen', 'Baden-Württemberg'),
('Görlitz', 'Saxony'),
('Göttingen', 'Lower Saxony'),
('Gößnitz', 'Thuringia'),
('Güglingen', 'Baden-Württemberg'),
('Günzburg', 'Bavaria'),
('Güsten', 'Saxony-Anhalt'),
('Güstrow', 'Mecklenburg-Western Pomerania'),
('Gütersloh', 'North Rhine-Westphalia'),
('Gützkow', 'Mecklenburg-Western Pomerania'),
('Haan', 'North Rhine-Westphalia'),
('Hachenburg', 'Rhineland-Palatinate'),
('Hadamar', 'Hesse'),
('Hagenbach', 'Rhineland-Palatinate'),
('Hagenow', 'Mecklenburg-Western Pomerania'),
('Hagen', 'North Rhine-Westphalia'),
('Haigerloch', 'Baden-Württemberg'),
('Haiger', 'Hesse'),
('Hainichen', 'Saxony'),
('Haiterbach', 'Baden-Württemberg'),
('Halberstadt', 'Saxony-Anhalt'),
('Haldensleben', 'Saxony-Anhalt'),
('Halle (Saale)', 'Saxony-Anhalt'),
('Hallenberg', 'North Rhine-Westphalia'),
('Halle', 'North Rhine-Westphalia'),
('Hallstadt', 'Bavaria'),
('Haltern am See', 'North Rhine-Westphalia'),
('Halver', 'North Rhine-Westphalia'),
('Hamburg', 'Hamburg'),
('Hamelin', 'Lower Saxony'),
('Hammelburg', 'Bavaria'),
('Hamminkeln', 'North Rhine-Westphalia'),
('Hamm', 'North Rhine-Westphalia'),
('Hanau', 'Hesse'),
('Hann. Münden', 'Lower Saxony'),
('Hanover', 'Lower Saxony'),
('Hanseatic City of Buxtehude', 'Lower Saxony'),
('Hanseatic City of Korbach', 'Hesse'),
('Hanseatic City of Stade', 'Lower Saxony'),
('Harburg', 'Bavaria'),
('Hardegsen', 'Lower Saxony'),
('Haren, Germany', 'Lower Saxony'),
('Harsewinkel', 'North Rhine-Westphalia'),
('Hartenstein', 'Saxony'),
('Hartha', 'Saxony'),
('Harzgerode', 'Saxony-Anhalt'),
('Haselünne', 'Lower Saxony'),
('Haslach im Kinzigtal', 'Baden-Württemberg'),
('Hattersheim am Main', 'Hesse'),
('Hattingen', 'North Rhine-Westphalia'),
('Hatzfeld', 'Hesse'),
('Hausach', 'Baden-Württemberg'),
('Hauzenberg', 'Bavaria'),
('Havelberg', 'Saxony-Anhalt'),
('Havelsee', 'Brandenburg'),
('Hayingen', 'Baden-Württemberg'),
('Haßfurt', 'Bavaria'),
('Hechingen', 'Baden-Württemberg'),
('Hecklingen', 'Saxony-Anhalt'),
('Heideck', 'Bavaria'),
('Heidelberg', 'Baden-Württemberg'),
('Heidenau', 'Saxony'),
('Heidenheim an der Brenz', 'Baden-Württemberg'),
('Heide', 'Schleswig-Holstein'),
('Heilbad Heiligenstadt', 'Thuringia'),
('Heilbronn', 'Baden-Württemberg'),
('Heiligenhafen', 'Schleswig-Holstein'),
('Heiligenhaus', 'North Rhine-Westphalia'),
('Heilsbronn', 'Bavaria'),
('Heimbach', 'North Rhine-Westphalia'),
('Heimsheim', 'Baden-Württemberg'),
('Heinsberg', 'North Rhine-Westphalia'),
('Heitersheim', 'Baden-Württemberg'),
('Heldburg', 'Thuringia'),
('Helmbrechts', 'Bavaria'),
('Helmstedt', 'Lower Saxony'),
('Hemau', 'Bavaria'),
('Hemer', 'North Rhine-Westphalia'),
('Hemmingen', 'Lower Saxony'),
('Hemmoor', 'Lower Saxony'),
('Hemsbach', 'Baden-Württemberg'),
('Hennef', 'North Rhine-Westphalia'),
('Hennigsdorf', 'Brandenburg'),
('Heppenheim', 'Hesse'),
('Herbolzheim', 'Baden-Württemberg'),
('Herborn, Hesse', 'Hesse'),
('Herbrechtingen', 'Baden-Württemberg'),
('Herbstein', 'Hesse'),
('Herdecke', 'North Rhine-Westphalia'),
('Herdorf', 'Rhineland-Palatinate'),
('Herford', 'North Rhine-Westphalia'),
('Heringen', 'Hesse'),
('Heringen', 'Thuringia'),
('Hermeskeil', 'Rhineland-Palatinate'),
('Hermsdorf', 'Thuringia'),
('Herne city', 'North Rhine-Westphalia'),
('Herrenberg', 'Baden-Württemberg'),
('Herrieden', 'Bavaria'),
('Herrnhut', 'Saxony'),
('Hersbruck', 'Bavaria'),
('Herten', 'North Rhine-Westphalia'),
('Herzberg am Harz', 'Lower Saxony'),
('Herzberg', 'Brandenburg'),
('Herzogenaurach', 'Bavaria'),
('Herzogenrath', 'North Rhine-Westphalia'),
('Hessisch Lichtenau', 'Hesse'),
('Hessisch Oldendorf', 'Lower Saxony'),
('Hettingen', 'Baden-Württemberg'),
('Hettstedt', 'Saxony-Anhalt'),
('Heubach', 'Baden-Württemberg'),
('Heusenstamm', 'Hesse'),
('Hilchenbach', 'North Rhine-Westphalia'),
('Hildburghausen', 'Thuringia'),
('Hilden', 'North Rhine-Westphalia'),
('Hildesheim', 'Lower Saxony'),
('Hillesheim', 'Rhineland-Palatinate'),
('Hilpoltstein', 'Bavaria'),
('Hirschau', 'Bavaria'),
('Hirschberg', 'Thuringia'),
('Hirschhorn', 'Hesse'),
('Hitzacker', 'Lower Saxony'),
('Hochheim am Main', 'Hesse'),
('Hockenheim', 'Baden-Württemberg'),
('Hofgeismar', 'Hesse'),
('Hofheim in Unterfranken', 'Bavaria'),
('Hofheim, Hesse', 'Hesse'),
('Hof', 'Bavaria'),
('Hohen Neuendorf', 'Brandenburg'),
('Hohenberg a.d.Eger', 'Bavaria'),
('Hohenleuben', 'Thuringia'),
('Hohenmölsen', 'Saxony-Anhalt'),
('Hohenstein-Ernstthal', 'Saxony'),
('Hohnstein', 'Saxony'),
('Hollfeld', 'Bavaria'),
('Holzgerlingen', 'Baden-Württemberg'),
('Holzminden', 'Lower Saxony'),
('Homberg', 'Hesse'),
('Homberg', 'Hesse'),
('Homburg', 'Saarland'),
('Horb am Neckar', 'Baden-Württemberg'),
('Horn-Bad Meinberg', 'North Rhine-Westphalia'),
('Hornbach', 'Rhineland-Palatinate'),
('Hornberg', 'Baden-Württemberg'),
('Horstmar', 'North Rhine-Westphalia'),
('Hoya', 'Lower Saxony'),
('Hoyerswerda', 'Saxony'),
('Hungen', 'Hesse'),
('Husum', 'Schleswig-Holstein'),
('Höchstadt', 'Bavaria'),
('Höchstädt an der Donau', 'Bavaria'),
('Höhr-Grenzhausen', 'Rhineland-Palatinate'),
('Hörstel', 'North Rhine-Westphalia'),
('Höxter', 'North Rhine-Westphalia'),
('Hückelhoven', 'North Rhine-Westphalia'),
('Hückeswagen', 'North Rhine-Westphalia'),
('Hüfingen', 'Baden-Württemberg'),
('Hünfeld', 'Hesse'),
('Hürth', 'North Rhine-Westphalia'),
('Ibbenbüren', 'North Rhine-Westphalia'),
('Ichenhausen', 'Bavaria'),
('Idar-Oberstein', 'Rhineland-Palatinate'),
('Idstein', 'Hesse'),
('Illertissen', 'Bavaria'),
('Ilmenau', 'Thuringia'),
('Ilsenburg', 'Saxony-Anhalt'),
('Ilshofen', 'Baden-Württemberg'),
('Immenhausen', 'Hesse'),
('Immenstadt', 'Bavaria'),
('Ingelfingen', 'Baden-Württemberg'),
('Ingelheim am Rhein', 'Rhineland-Palatinate'),
('Ingolstadt', 'Bavaria'),
('Iphofen', 'Bavaria'),
('Iserlohn', 'North Rhine-Westphalia'),
('Isny im Allgäu', 'Baden-Württemberg'),
('Isselburg', 'North Rhine-Westphalia'),
('Itzehoe', 'Schleswig-Holstein'),
('Jarmen', 'Mecklenburg-Western Pomerania'),
('Jena', 'Thuringia'),
('Jerichow', 'Saxony-Anhalt'),
('Jessen', 'Saxony-Anhalt'),
('Jever', 'Lower Saxony'),
('Joachimsthal', 'Brandenburg'),
('Johanngeorgenstadt', 'Saxony'),
('Jöhstadt', 'Saxony'),
('Jüchen', 'North Rhine-Westphalia'),
('Jülich', 'North Rhine-Westphalia'),
('Jüterbog', 'Brandenburg'),
('Kaarst', 'North Rhine-Westphalia'),
('Kahla', 'Thuringia'),
('Kaisersesch', 'Rhineland-Palatinate'),
('Kaiserslautern', 'Rhineland-Palatinate'),
('Kalbe, Saxony-Anhalt', 'Saxony-Anhalt'),
('Kalkar', 'North Rhine-Westphalia'),
('Kaltenkirchen', 'Schleswig-Holstein'),
('Kaltennordheim', 'Thuringia'),
('Kamenz', 'Saxony'),
('Kamen', 'North Rhine-Westphalia'),
('Kamp-Lintfort', 'North Rhine-Westphalia'),
('Kandel', 'Rhineland-Palatinate'),
('Kandern', 'Baden-Württemberg'),
('KappelnKappel', 'Schleswig-Holstein'),
('Karben', 'Hesse'),
('Karlsruhe', 'Baden-Württemberg'),
('Karlstadt am Main', 'Bavaria'),
('Kassel', 'Hesse'),
('Kastellaun', 'Rhineland-Palatinate'),
('Katzenelnbogen', 'Rhineland-Palatinate'),
('Kaub', 'Rhineland-Palatinate'),
('Kaufbeuren', 'Bavaria'),
('Kehl', 'Baden-Württemberg'),
('Kelbra', 'Saxony-Anhalt'),
('Kelheim', 'Bavaria'),
('Kelkheim', 'Hesse'),
('Kellinghusen', 'Schleswig-Holstein'),
('Kelsterbach', 'Hesse'),
('Kemberg', 'Saxony-Anhalt'),
('Kemnath', 'Bavaria'),
('Kempen', 'North Rhine-Westphalia'),
('Kempten', 'Bavaria'),
('Kenzingen', 'Baden-Württemberg'),
('Kerpen', 'North Rhine-Westphalia'),
('Ketzin', 'Brandenburg'),
('Kevelaer', 'North Rhine-Westphalia'),
('Kiel', 'Schleswig-Holstein'),
('Kierspe', 'North Rhine-Westphalia'),
('Kirchberg an der Jagst', 'Baden-Württemberg'),
('Kirchberg', 'Rhineland-Palatinate'),
('Kirchberg', 'Saxony'),
('Kirchenlamitz', 'Bavaria'),
('Kirchen', 'Rhineland-Palatinate'),
('Kirchhain', 'Hesse'),
('Kirchheim unter Teck', 'Baden-Württemberg'),
('Kirchheimbolanden', 'Rhineland-Palatinate'),
('Kirn', 'Rhineland-Palatinate'),
('Kirtorf', 'Hesse'),
('Kitzingen', 'Bavaria'),
('Kitzscher', 'Saxony'),
('Kleve', 'North Rhine-Westphalia'),
('Klingenberg am Main', 'Bavaria'),
('Klingenthal', 'Saxony'),
('Klötze', 'Saxony-Anhalt'),
('Klütz', 'Mecklenburg-Western Pomerania'),
('Knittlingen', 'Baden-Württemberg'),
('Koblenz', 'Rhineland-Palatinate'),
('Kolbermoor', 'Bavaria'),
('Konz', 'Rhineland-Palatinate'),
('Korntal-Münchingen', 'Baden-Württemberg'),
('Kornwestheim', 'Baden-Württemberg'),
('Korschenbroich', 'North Rhine-Westphalia'),
('Kraichtal', 'Baden-Württemberg'),
('Krakow am See', 'Mecklenburg-Western Pomerania'),
('Kranichfeld', 'Thuringia'),
('Krautheim', 'Baden-Württemberg'),
('Krefeld', 'North Rhine-Westphalia'),
('Kremmen', 'Brandenburg'),
('Krempe', 'Schleswig-Holstein'),
('Kreuztal', 'North Rhine-Westphalia'),
('Kronach', 'Bavaria'),
('Kronberg im Taunus', 'Hesse'),
('Kroppenstedt', 'Saxony-Anhalt'),
('Krumbach', 'Bavaria'),
('Kröpelin', 'Mecklenburg-Western Pomerania'),
('Kulmbach', 'Bavaria'),
('Kupferberg', 'Bavaria'),
('Kuppenheim', 'Baden-Württemberg'),
('Kusel', 'Rhineland-Palatinate'),
('Kyllburg', 'Rhineland-Palatinate'),
('Kyritz', 'Brandenburg'),
('Kölleda', 'Thuringia'),
('Königs Wusterhausen', 'Brandenburg'),
('Königsberg in Bayern', 'Bavaria'),
('Königsbrunn', 'Bavaria'),
('Königsbrück', 'Saxony'),
('Königsee', 'Thuringia'),
('Königslutter', 'Lower Saxony'),
('Königstein im Taunus', 'Hesse'),
('Königstein', 'Saxony'),
('Königswinter', 'North Rhine-Westphalia'),
('Könnern', 'Saxony-Anhalt'),
('Köthen', 'Saxony-Anhalt'),
('Kühlungsborn', 'Mecklenburg-Western Pomerania'),
('Külsheim', 'Baden-Württemberg'),
('Künzelsau', 'Baden-Württemberg'),
('Laage', 'Mecklenburg-Western Pomerania'),
('Laatzen', 'Lower Saxony'),
('Ladenburg', 'Baden-Württemberg'),
('Lage', 'North Rhine-Westphalia'),
('Lahnstein', 'Rhineland-Palatinate'),
('Lahr', 'Baden-Württemberg'),
('Laichingen', 'Baden-Württemberg'),
('Lambrecht, Rhineland-Palatinate', 'Rhineland-Palatinate'),
('Lampertheim', 'Hesse'),
('Landau an der Isar', 'Bavaria'),
('Landau in der Pfalz', 'Rhineland-Palatinate'),
('Landsberg am Lech', 'Bavaria'),
('Landsberg', 'Saxony-Anhalt'),
('Landshut', 'Bavaria'),
('Landstuhl', 'Rhineland-Palatinate'),
('Langelsheim', 'Lower Saxony'),
('Langen, Hesse', 'Hesse'),
('Langenau', 'Baden-Württemberg'),
('Langenburg', 'Baden-Württemberg'),
('Langenfeld', 'North Rhine-Westphalia'),
('Langenhagen', 'Lower Saxony'),
('Langenselbold', 'Hesse'),
('Langenzenn', 'Bavaria'),
('Lassan', 'Mecklenburg-Western Pomerania'),
('Laubach', 'Hesse'),
('Laucha an der Unstrut', 'Saxony-Anhalt'),
('Lauchhammer', 'Brandenburg'),
('Lauchheim', 'Baden-Württemberg'),
('Lauda-Königshofen', 'Baden-Württemberg'),
('Lauenburg', 'Schleswig-Holstein'),
('Lauf an der Pegnitz', 'Bavaria'),
('Laufenburg', 'Baden-Württemberg'),
('Laufen', 'Bavaria'),
('Lauffen', 'Baden-Württemberg'),
('Lauingen', 'Bavaria'),
('Laupheim', 'Baden-Württemberg'),
('Lauscha', 'Thuringia'),
('Lauta', 'Saxony'),
('Lauter-Bernsbach', 'Saxony'),
('Lauterbach', 'Hesse'),
('Lauterecken', 'Rhineland-Palatinate'),
('Lauterstein', 'Baden-Württemberg'),
('Lebach', 'Saarland'),
('Lebus', 'Brandenburg'),
('Leer', 'Lower Saxony'),
('Lehesten', 'Thuringia'),
('Lehrte', 'Lower Saxony'),
('Leichlingen', 'North Rhine-Westphalia'),
('Leimen', 'Baden-Württemberg'),
('Leinefelde-Worbis', 'Thuringia'),
('Leinfelden-Echterdingen', 'Baden-Württemberg'),
('Leingarten', 'Baden-Württemberg'),
('Leipheim', 'Bavaria'),
('Leipzig', 'Saxony'),
('Leisnig', 'Saxony'),
('Lemgo', 'North Rhine-Westphalia'),
('Lengenfeld', 'Saxony'),
('Lengerich', 'North Rhine-Westphalia'),
('Lennestadt', 'North Rhine-Westphalia'),
('Lenzen', 'Brandenburg'),
('Leonberg', 'Baden-Württemberg'),
('Leuna', 'Saxony-Anhalt'),
('Leun', 'Hesse'),
('Leutenberg', 'Thuringia'),
('Leutershausen', 'Bavaria'),
('Leutkirch im Allgäu', 'Baden-Württemberg'),
('Leverkusen', 'North Rhine-Westphalia'),
('Lichtenau', 'Baden-Württemberg'),
('Lichtenau', 'North Rhine-Westphalia'),
('Lichtenberg', 'Bavaria'),
('Lichtenfels', 'Bavaria'),
('Lichtenfels', 'Hesse'),
('Lichtenstein', 'Saxony'),
('Lich', 'Hesse'),
('Liebenau', 'Hesse'),
('Liebenwalde', 'Brandenburg'),
('Lieberose', 'Brandenburg'),
('Liebstadt', 'Saxony'),
('Limbach-Oberfrohna', 'Saxony'),
('Limburg an der Lahn', 'Hesse'),
('Lindau', 'Bavaria'),
('Lindenberg im Allgäu', 'Bavaria'),
('Lindenfels', 'Hesse'),
('Linden', 'Hesse'),
('Lindow', 'Brandenburg'),
('Lingen (Ems)', 'Lower Saxony'),
('Linnich', 'North Rhine-Westphalia'),
('Linz am Rhein', 'Rhineland-Palatinate'),
('Lippstadt', 'North Rhine-Westphalia'),
('Lohmar', 'North Rhine-Westphalia'),
('Lohne (Oldenburg)', 'Lower Saxony'),
('Lohr a. Main', 'Bavaria'),
('Loitz', 'Mecklenburg-Western Pomerania'),
('Lollar', 'Hesse'),
('Lommatzsch', 'Saxony'),
('Lorch', 'Baden-Württemberg'),
('Lorch', 'Hesse'),
('Lorsch', 'Hesse'),
('Luckau', 'Brandenburg'),
('Lucka', 'Thuringia'),
('Luckenwalde', 'Brandenburg'),
('Ludwigsburg', 'Baden-Württemberg'),
('Ludwigsfelde', 'Brandenburg'),
('Ludwigshafen am Rhein', 'Rhineland-Palatinate'),
('Ludwigslust', 'Mecklenburg-Western Pomerania'),
('Ludwigsstadt', 'Bavaria'),
('Lugau', 'Saxony'),
('Lunzenau', 'Saxony'),
('Lychen', 'Brandenburg'),
('Löbau', 'Saxony'),
('Löffingen', 'Baden-Württemberg'),
('Löhne', 'North Rhine-Westphalia'),
('Löningen', 'Lower Saxony'),
('Lörrach', 'Baden-Württemberg'),
('Löwenstein', 'Baden-Württemberg'),
('Lößnitz', 'Saxony'),
('Lübbecke', 'North Rhine-Westphalia'),
('Lübben/Lubin', 'Brandenburg'),
('Lübbenau/Spreewald', 'Brandenburg'),
('Lübeck', 'Schleswig-Holstein'),
('Lübtheen', 'Mecklenburg-Western Pomerania'),
('Lübz', 'Mecklenburg-Western Pomerania'),
('Lüchow', 'Lower Saxony'),
('Lüdenscheid', 'North Rhine-Westphalia'),
('Lüdinghausen', 'North Rhine-Westphalia'),
('Lügde', 'North Rhine-Westphalia'),
('Lüneburg', 'Lower Saxony'),
('Lünen', 'North Rhine-Westphalia'),
('Lütjenburg', 'Schleswig-Holstein'),
('Lützen', 'Saxony-Anhalt'),
('Magdala', 'Thuringia'),
('Magdeburg', 'Saxony-Anhalt'),
('Mahlberg', 'Baden-Württemberg'),
('Mainbernheim', 'Bavaria'),
('Mainburg', 'Bavaria'),
('Maintal', 'Hesse'),
('Mainz', 'Rhineland-Palatinate'),
('Malchin', 'Mecklenburg-Western Pomerania'),
('Malchow', 'Mecklenburg-Western Pomerania'),
('Manderscheid', 'Rhineland-Palatinate'),
('Mannheim', 'Baden-Württemberg'),
('Mansfeld', 'Saxony-Anhalt'),
('Marbach am Neckar', 'Baden-Württemberg'),
('Marburg', 'Hesse'),
('Marienberg', 'Saxony'),
('Marienmünster', 'North Rhine-Westphalia'),
('Markdorf', 'Baden-Württemberg'),
('Markgröningen', 'Baden-Württemberg'),
('Markkleeberg', 'Saxony'),
('Markneukirchen', 'Saxony'),
('Markranstädt', 'Saxony'),
('Marktbreit', 'Bavaria'),
('Marktheidenfeld', 'Bavaria'),
('Marktleuthen', 'Bavaria'),
('Marktoberdorf', 'Bavaria'),
('Marktredwitz', 'Bavaria'),
('Marktsteft', 'Bavaria'),
('Marlow', 'Mecklenburg-Western Pomerania'),
('Marl', 'North Rhine-Westphalia'),
('Marne', 'Schleswig-Holstein'),
('Marsberg', 'North Rhine-Westphalia'),
('Maulbronn', 'Baden-Württemberg');
INSERT INTO `location` (`name`, `state`) VALUES
('Maxhütte-Haidhof', 'Bavaria'),
('Mayen', 'Rhineland-Palatinate'),
('Mechernich', 'North Rhine-Westphalia'),
('Meckenheim', 'North Rhine-Westphalia'),
('Medebach', 'North Rhine-Westphalia'),
('Meerane', 'Saxony'),
('Meerbusch', 'North Rhine-Westphalia'),
('Meersburg', 'Baden-Württemberg'),
('Meinerzhagen', 'North Rhine-Westphalia'),
('Meiningen', 'Thuringia'),
('Meisenheim', 'Rhineland-Palatinate'),
('Meissen', 'Saxony'),
('Meldorf', 'Schleswig-Holstein'),
('Melle', 'Lower Saxony'),
('Mellrichstadt', 'Bavaria'),
('Melsungen', 'Hesse'),
('Memmingen', 'Bavaria'),
('Menden', 'North Rhine-Westphalia'),
('Mendig', 'Rhineland-Palatinate'),
('Mengen', 'Baden-Württemberg'),
('Meppen', 'Lower Saxony'),
('Merkendorf', 'Bavaria'),
('Merseburg', 'Saxony-Anhalt'),
('Merzig', 'Saarland'),
('Meschede', 'North Rhine-Westphalia'),
('Mettmann', 'North Rhine-Westphalia'),
('Metzingen', 'Baden-Württemberg'),
('Meuselwitz', 'Thuringia'),
('Meyenburg', 'Brandenburg'),
('Meßkirch', 'Baden-Württemberg'),
('Meßstetten', 'Baden-Württemberg'),
('Michelstadt', 'Hesse'),
('Miesbach', 'Bavaria'),
('Miltenberg', 'Bavaria'),
('Mindelheim', 'Bavaria'),
('Minden', 'North Rhine-Westphalia'),
('Mirow', 'Mecklenburg-Western Pomerania'),
('Mittenwalde', 'Brandenburg'),
('Mitterteich', 'Bavaria'),
('Mittweida', 'Saxony'),
('Moers', 'North Rhine-Westphalia'),
('Monheim am Rhein', 'North Rhine-Westphalia'),
('Monheim', 'Bavaria'),
('Monschau', 'North Rhine-Westphalia'),
('Montabaur', 'Rhineland-Palatinate'),
('Moosburg an der Isar', 'Bavaria'),
('Moringen', 'Lower Saxony'),
('Mosbach', 'Baden-Württemberg'),
('Munderkingen', 'Baden-Württemberg'),
('Munich', 'Bavaria'),
('Munster', 'Lower Saxony'),
('Murrhardt', 'Baden-Württemberg'),
('Märkisch Buchholz', 'Brandenburg'),
('Möckern', 'Saxony-Anhalt'),
('Möckmühl', 'Baden-Württemberg'),
('Mölln', 'Schleswig-Holstein'),
('Mönchengladbach', 'North Rhine-Westphalia'),
('Mörfelden-Walldorf', 'Hesse'),
('Mössingen', 'Baden-Württemberg'),
('Mücheln', 'Saxony-Anhalt'),
('Mügeln', 'Saxony'),
('Mühlacker', 'Baden-Württemberg'),
('Mühlberg', 'Brandenburg'),
('Mühldorf am Inn', 'Bavaria'),
('Mühlhausen', 'Thuringia'),
('Mühlheim am Main', 'Hesse'),
('Mühlheim an der Donau', 'Baden-Württemberg'),
('Mülheim an der Ruhr', 'North Rhine-Westphalia'),
('Mülheim-Kärlich', 'Rhineland-Palatinate'),
('Müllheim', 'Baden-Württemberg'),
('Müllrose', 'Brandenburg'),
('Münchberg', 'Bavaria'),
('Müncheberg', 'Brandenburg'),
('Münchenbernsdorf', 'Thuringia'),
('Münnerstadt', 'Bavaria'),
('Münsingen', 'Baden-Württemberg'),
('Münstermaifeld', 'Rhineland-Palatinate'),
('Münster', 'North Rhine-Westphalia'),
('Münzenberg', 'Hesse'),
('Nabburg', 'Bavaria'),
('Nagold', 'Baden-Württemberg'),
('Naila', 'Bavaria'),
('Nassau', 'Rhineland-Palatinate'),
('Nastätten', 'Rhineland-Palatinate'),
('Nauen', 'Brandenburg'),
('Naumburg', 'Hesse'),
('Naumburg', 'Saxony-Anhalt'),
('Naunhof', 'Saxony'),
('Nebra', 'Saxony-Anhalt'),
('Neckarbischofsheim', 'Baden-Württemberg'),
('Neckargemünd', 'Baden-Württemberg'),
('Neckarsteinach', 'Hesse'),
('Neckarsulm', 'Baden-Württemberg'),
('Neresheim', 'Baden-Württemberg'),
('Netphen', 'North Rhine-Westphalia'),
('Nettetal', 'North Rhine-Westphalia'),
('Netzschkau', 'Saxony'),
('Neu-Anspach', 'Hesse'),
('Neu-Isenburg', 'Hesse'),
('Neu-Ulm', 'Bavaria'),
('Neubrandenburg', 'Mecklenburg-Western Pomerania'),
('Neubukow', 'Mecklenburg-Western Pomerania'),
('Neubulach', 'Baden-Württemberg'),
('Neuburg a.d. Donau', 'Bavaria'),
('Neudenau', 'Baden-Württemberg'),
('Neuenburg am Rhein', 'Baden-Württemberg'),
('Neuenbürg', 'Baden-Württemberg'),
('Neuenhaus', 'Lower Saxony'),
('Neuenrade', 'North Rhine-Westphalia'),
('Neuenstadt am Kocher', 'Baden-Württemberg'),
('Neuenstein', 'Baden-Württemberg'),
('Neuerburg', 'Rhineland-Palatinate'),
('Neuffen', 'Baden-Württemberg'),
('Neuhaus am Rennweg', 'Thuringia'),
('Neukalen', 'Mecklenburg-Western Pomerania'),
('Neukirchen-Vluyn', 'North Rhine-Westphalia'),
('Neukirchen', 'Hesse'),
('Neukloster', 'Mecklenburg-Western Pomerania'),
('Neumarkt in der Oberpfalz', 'Bavaria'),
('Neumarkt-Sankt Veit', 'Bavaria'),
('Neumark', 'Thuringia'),
('Neumünster', 'Schleswig-Holstein'),
('Neunburg vorm Wald', 'Bavaria'),
('Neunkirchen', 'Saarland'),
('Neuruppin', 'Brandenburg'),
('Neusalza-Spremberg', 'Saxony'),
('Neuss', 'North Rhine-Westphalia'),
('Neustadt a.d.Donau', 'Bavaria'),
('Neustadt a.d.Waldnaab', 'Bavaria'),
('Neustadt am Kulm', 'Bavaria'),
('Neustadt am Rübenberge', 'Lower Saxony'),
('Neustadt an der Aisch', 'Bavaria'),
('Neustadt an der Orla', 'Thuringia'),
('Neustadt an der Weinstraße', 'Rhineland-Palatinate'),
('Neustadt b.Coburg', 'Bavaria'),
('Neustadt in Holstein', 'Schleswig-Holstein'),
('Neustadt in Sachsen', 'Saxony'),
('Neustadt-Glewe', 'Mecklenburg-Western Pomerania'),
('Neustadt', 'Brandenburg'),
('Neustadt', 'Hesse'),
('Neustrelitz', 'Mecklenburg-Western Pomerania'),
('Neusäß', 'Bavaria'),
('Neutraubling', 'Bavaria'),
('Neuwied', 'Rhineland-Palatinate'),
('Neuötting', 'Bavaria'),
('Niddatal', 'Hesse'),
('Nidda', 'Hesse'),
('Nidderau', 'Hesse'),
('Nideggen', 'North Rhine-Westphalia'),
('NiebüllNaibel / Nibøl', 'Schleswig-Holstein'),
('Niedenstein', 'Hesse'),
('Nieder-Olm', 'Rhineland-Palatinate'),
('Niederkassel', 'North Rhine-Westphalia'),
('Niedernhall', 'Baden-Württemberg'),
('Niederstetten', 'Baden-Württemberg'),
('Niederstotzingen', 'Baden-Württemberg'),
('Nieheim', 'North Rhine-Westphalia'),
('Niemegk', 'Brandenburg'),
('Nienburg', 'Lower Saxony'),
('Nienburg', 'Saxony-Anhalt'),
('Nierstein', 'Rhineland-Palatinate'),
('Niesky', 'Saxony'),
('Nittenau', 'Bavaria'),
('Nordenham', 'Lower Saxony'),
('Norden', 'Lower Saxony'),
('Norderney', 'Lower Saxony'),
('Norderstedt', 'Schleswig-Holstein'),
('Nordhausen, Thuringia', 'Thuringia'),
('Nordhorn', 'Lower Saxony'),
('Northeim', 'Lower Saxony'),
('Nortorf', 'Schleswig-Holstein'),
('Nossen', 'Saxony'),
('Nottertal-Heilinger Höhen', 'Thuringia'),
('Nuremberg', 'Bavaria'),
('Nördlingen', 'Bavaria'),
('Nürtingen', 'Baden-Württemberg'),
('Ober-Ramstadt', 'Hesse'),
('Oberasbach', 'Bavaria'),
('Oberharz am Brocken', 'Saxony-Anhalt'),
('Oberhausen', 'North Rhine-Westphalia'),
('Oberhof', 'Thuringia'),
('Oberkirch', 'Baden-Württemberg'),
('Oberkochen', 'Baden-Württemberg'),
('Oberlungwitz', 'Saxony'),
('Obermoschel', 'Rhineland-Palatinate'),
('Obernburg a.Main', 'Bavaria'),
('Oberndorf am Neckar', 'Baden-Württemberg'),
('Obernkirchen', 'Lower Saxony'),
('Oberriexingen', 'Baden-Württemberg'),
('Obertshausen', 'Hesse'),
('Oberursel (Taunus)', 'Hesse'),
('Oberviechtach', 'Bavaria'),
('Oberwesel', 'Rhineland-Palatinate'),
('Oberwiesenthal', 'Saxony'),
('Oberzent', 'Hesse'),
('Ochsenfurt', 'Bavaria'),
('Ochsenhausen', 'Baden-Württemberg'),
('Ochtrup', 'North Rhine-Westphalia'),
('Oderberg', 'Brandenburg'),
('Oebisfelde-Weferlingen', 'Saxony-Anhalt'),
('Oederan', 'Saxony'),
('Oelde', 'North Rhine-Westphalia'),
('Oelsnitz', 'Saxony'),
('Oelsnitz', 'Saxony'),
('Oer-Erkenschwick', 'North Rhine-Westphalia'),
('Oerlinghausen', 'North Rhine-Westphalia'),
('Oestrich-Winkel', 'Hesse'),
('Oettingen in Bayern', 'Bavaria'),
('Offenbach am Main', 'Hesse'),
('Offenburg', 'Baden-Württemberg'),
('Ohrdruf', 'Thuringia'),
('Olbernhau', 'Saxony'),
('Olching', 'Bavaria'),
('Oldenburg in Holstein', 'Schleswig-Holstein'),
('Oldenburg', 'Lower Saxony'),
('Olfen', 'North Rhine-Westphalia'),
('Olpe', 'North Rhine-Westphalia'),
('Olsberg', 'North Rhine-Westphalia'),
('Oppenau', 'Baden-Württemberg'),
('Oppenheim', 'Rhineland-Palatinate'),
('Oranienbaum-Wörlitz', 'Saxony-Anhalt'),
('Oranienburg', 'Brandenburg'),
('Orlamünde', 'Thuringia'),
('Ornbau', 'Bavaria'),
('Ortenberg', 'Hesse'),
('Ortrand', 'Brandenburg'),
('Oschatz', 'Saxony'),
('Oschersleben', 'Saxony-Anhalt'),
('Osnabrück', 'Lower Saxony'),
('Osterburg', 'Saxony-Anhalt'),
('Osterburken', 'Baden-Württemberg'),
('Osterfeld', 'Saxony-Anhalt'),
('Osterhofen', 'Bavaria'),
('Osterholz-Scharmbeck', 'Lower Saxony'),
('Osterode am Harz', 'Lower Saxony'),
('Osterwieck', 'Saxony-Anhalt'),
('Ostfildern', 'Baden-Württemberg'),
('Ostheim', 'Bavaria'),
('Osthofen', 'Rhineland-Palatinate'),
('Ostritz', 'Saxony'),
('Otterberg', 'Rhineland-Palatinate'),
('Otterndorf', 'Lower Saxony'),
('Ottweiler', 'Saarland'),
('Overath', 'North Rhine-Westphalia'),
('Owen', 'Baden-Württemberg'),
('Paderborn', 'North Rhine-Westphalia'),
('Papenburg', 'Lower Saxony'),
('Pappenheim', 'Bavaria'),
('Parchim', 'Mecklenburg-Western Pomerania'),
('Parsberg', 'Bavaria'),
('Pasewalk', 'Mecklenburg-Western Pomerania'),
('Passau', 'Bavaria'),
('Pattensen', 'Lower Saxony'),
('Pausa-Mühltroff', 'Saxony'),
('Pegau', 'Saxony'),
('Pegnitz', 'Bavaria'),
('Peine', 'Lower Saxony'),
('Peitz', 'Brandenburg'),
('Penig', 'Saxony'),
('Penkun', 'Mecklenburg-Western Pomerania'),
('Penzberg', 'Bavaria'),
('Penzlin', 'Mecklenburg-Western Pomerania'),
('Perleberg', 'Brandenburg'),
('Petershagen', 'North Rhine-Westphalia'),
('Pfaffenhofen a.d.Ilm', 'Bavaria'),
('Pfarrkirchen', 'Bavaria'),
('Pforzheim', 'Baden-Württemberg'),
('Pfreimd', 'Bavaria'),
('Pfullendorf', 'Baden-Württemberg'),
('Pfullingen', 'Baden-Württemberg'),
('Pfungstadt', 'Hesse'),
('Philippsburg', 'Baden-Württemberg'),
('Pinneberg', 'Schleswig-Holstein'),
('Pirmasens', 'Rhineland-Palatinate'),
('Pirna', 'Saxony'),
('Plattling', 'Bavaria'),
('Plau am See', 'Mecklenburg-Western Pomerania'),
('Plauen', 'Saxony'),
('Plaue', 'Thuringia'),
('Plettenberg', 'North Rhine-Westphalia'),
('Pleystein', 'Bavaria'),
('Plochingen', 'Baden-Württemberg'),
('Plön', 'Schleswig-Holstein'),
('Pockau-Lengefeld', 'Saxony'),
('Pocking', 'Bavaria'),
('Pohlheim', 'Hesse'),
('Polch', 'Rhineland-Palatinate'),
('Porta Westfalica', 'North Rhine-Westphalia'),
('Potsdam', 'Brandenburg'),
('Pottenstein', 'Bavaria'),
('Preetz', 'Schleswig-Holstein'),
('Premnitz', 'Brandenburg'),
('Prenzlau', 'Brandenburg'),
('Pressath', 'Bavaria'),
('Preußisch Oldendorf', 'North Rhine-Westphalia'),
('Prichsenstadt', 'Bavaria'),
('Pritzwalk', 'Brandenburg'),
('Prüm', 'Rhineland-Palatinate'),
('Puchheim', 'Bavaria'),
('Pulheim', 'North Rhine-Westphalia'),
('Pulsnitz', 'Saxony'),
('Putbus', 'Mecklenburg-Western Pomerania'),
('Putlitz', 'Brandenburg'),
('Pößneck', 'Thuringia'),
('Püttlingen', 'Saarland'),
('Quakenbrück', 'Lower Saxony'),
('Quedlinburg', 'Saxony-Anhalt'),
('Querfurt', 'Saxony-Anhalt'),
('Quickborn', 'Schleswig-Holstein'),
('Rabenau', 'Saxony'),
('Radeberg', 'Saxony'),
('Radebeul', 'Saxony'),
('Radeburg', 'Saxony'),
('Radevormwald', 'North Rhine-Westphalia'),
('Radolfzell', 'Baden-Württemberg'),
('Raguhn-Jeßnitz', 'Saxony-Anhalt'),
('Rahden', 'North Rhine-Westphalia'),
('Rain', 'Bavaria'),
('Ramstein-Miesenbach', 'Rhineland-Palatinate'),
('Ranis', 'Thuringia'),
('Ransbach-Baumbach', 'Rhineland-Palatinate'),
('Rastatt', 'Baden-Württemberg'),
('Rastenberg', 'Thuringia'),
('Rathenow', 'Brandenburg'),
('Ratingen', 'North Rhine-Westphalia'),
('Ratzeburg', 'Schleswig-Holstein'),
('Rauenberg', 'Baden-Württemberg'),
('Raunheim', 'Hesse'),
('Rauschenberg', 'Hesse'),
('Ravensburg', 'Baden-Württemberg'),
('Ravenstein', 'Baden-Württemberg'),
('Recklinghausen', 'North Rhine-Westphalia'),
('Rees', 'North Rhine-Westphalia'),
('Regensburg', 'Bavaria'),
('Regen', 'Bavaria'),
('Regis-Breitingen', 'Saxony'),
('Rehau', 'Bavaria'),
('Rehburg-Loccum', 'Lower Saxony'),
('Rehna', 'Mecklenburg-Western Pomerania'),
('Reichelsheim', 'Hesse'),
('Reichenbach im Vogtland', 'Saxony'),
('Reichenbach', 'Saxony'),
('Reinbek', 'Schleswig-Holstein'),
('Reinfeld', 'Schleswig-Holstein'),
('Reinheim', 'Hesse'),
('Remagen', 'Rhineland-Palatinate'),
('Remscheid', 'North Rhine-Westphalia'),
('Remseck', 'Baden-Württemberg'),
('Renchen', 'Baden-Württemberg'),
('Rendsburg', 'Schleswig-Holstein'),
('Rennerod', 'Rhineland-Palatinate'),
('Renningen', 'Baden-Württemberg'),
('Rerik', 'Mecklenburg-Western Pomerania'),
('Rethem', 'Lower Saxony'),
('Reutlingen', 'Baden-Württemberg'),
('Rheda-Wiedenbrück', 'North Rhine-Westphalia'),
('Rhede', 'North Rhine-Westphalia'),
('Rheinau', 'Baden-Württemberg'),
('Rheinbach', 'North Rhine-Westphalia'),
('Rheinberg', 'North Rhine-Westphalia'),
('Rheinböllen', 'Rhineland-Palatinate'),
('Rheine', 'North Rhine-Westphalia'),
('Rheinfelden', 'Baden-Württemberg'),
('Rheinsberg', 'Brandenburg'),
('Rheinstetten', 'Baden-Württemberg'),
('Rhens', 'Rhineland-Palatinate'),
('Rhinow', 'Brandenburg'),
('Ribnitz-Damgarten', 'Mecklenburg-Western Pomerania'),
('Richtenberg', 'Mecklenburg-Western Pomerania'),
('Riedenburg', 'Bavaria'),
('Riedlingen', 'Baden-Württemberg'),
('Riedstadt', 'Hesse'),
('Rieneck', 'Bavaria'),
('Riesa', 'Saxony'),
('Rietberg', 'North Rhine-Westphalia'),
('Rinteln', 'Lower Saxony'),
('Rochlitz', 'Saxony'),
('Rockenhausen', 'Rhineland-Palatinate'),
('Rodalben', 'Rhineland-Palatinate'),
('Rodenberg', 'Lower Saxony'),
('Rodewisch', 'Saxony'),
('Rodgau', 'Hesse'),
('Roding', 'Bavaria'),
('Romrod', 'Hesse'),
('Ronneburg', 'Thuringia'),
('Ronnenberg', 'Lower Saxony'),
('Rosbach vor der Höhe', 'Hesse'),
('Rosenfeld', 'Baden-Württemberg'),
('Rosenheim', 'Bavaria'),
('Rosenthal', 'Hesse'),
('Rostock', 'Mecklenburg-Western Pomerania'),
('Rotenburg a. d.  Fulda', 'Hesse'),
('Rotenburg an der Wümme', 'Lower Saxony'),
('Rothenburg ob der Tauber', 'Bavaria'),
('Rothenburg', 'Saxony'),
('Rothenfels', 'Bavaria'),
('Roth', 'Bavaria'),
('Rottenburg a.d.Laaber', 'Bavaria'),
('Rottenburg am Neckar', 'Baden-Württemberg'),
('Rottweil', 'Baden-Württemberg'),
('Roßleben-Wiehe', 'Thuringia'),
('Roßwein', 'Saxony'),
('Rudolstadt', 'Thuringia'),
('Ruhland', 'Brandenburg'),
('Ruhla', 'Thuringia'),
('Runkel', 'Hesse'),
('Rutesheim', 'Baden-Württemberg'),
('Röbel', 'Mecklenburg-Western Pomerania'),
('Rödental', 'Bavaria'),
('Rödermark', 'Hesse'),
('Römhild', 'Thuringia'),
('Rösrath', 'North Rhine-Westphalia'),
('Rötha', 'Saxony'),
('Röthenbach an der Pegnitz', 'Bavaria'),
('Röttingen', 'Bavaria'),
('Rötz', 'Bavaria'),
('Rüdesheim', 'Hesse'),
('Rüsselsheim am Main', 'Hesse'),
('Rüthen', 'North Rhine-Westphalia'),
('Saalburg-Ebersdorf', 'Thuringia'),
('Saalfeld', 'Thuringia'),
('Saarbrücken', 'Saarland'),
('Saarburg', 'Rhineland-Palatinate'),
('Saarlouis', 'Saarland'),
('Sachsenhagen', 'Lower Saxony'),
('Sachsenheim', 'Baden-Württemberg'),
('Salzgitter', 'Lower Saxony'),
('Salzkotten', 'North Rhine-Westphalia'),
('Salzwedel', 'Saxony-Anhalt'),
('Sandau', 'Saxony-Anhalt'),
('Sandersdorf-Brehna', 'Saxony-Anhalt'),
('Sangerhausen', 'Saxony-Anhalt'),
('Sankt Augustin', 'North Rhine-Westphalia'),
('Sankt Blasien', 'Baden-Württemberg'),
('Sankt Georgen im Schwarzwald', 'Baden-Württemberg'),
('Sankt Goarshausen', 'Rhineland-Palatinate'),
('Sankt Goar', 'Rhineland-Palatinate'),
('Sankt Ingbert', 'Saarland'),
('Sankt Wendel', 'Saarland'),
('Sarstedt', 'Lower Saxony'),
('Sassenberg', 'North Rhine-Westphalia'),
('Sassnitz', 'Mecklenburg-Western Pomerania'),
('Sayda, Saxony', 'Saxony'),
('Schalkau', 'Thuringia'),
('Schauenstein', 'Bavaria'),
('Scheer', 'Baden-Württemberg'),
('Scheibenberg', 'Saxony'),
('Scheinfeld', 'Bavaria'),
('Schelklingen', 'Baden-Württemberg'),
('Schenefeld', 'Schleswig-Holstein'),
('Scheßlitz', 'Bavaria'),
('Schieder-Schwalenberg', 'North Rhine-Westphalia'),
('Schifferstadt', 'Rhineland-Palatinate'),
('Schillingsfürst', 'Bavaria'),
('Schiltach', 'Baden-Württemberg'),
('Schirgiswalde-Kirschau', 'Saxony'),
('Schkeuditz', 'Saxony'),
('Schkölen', 'Thuringia'),
('Schleiden', 'North Rhine-Westphalia'),
('Schleiz', 'Thuringia'),
('Schleswig', 'Schleswig-Holstein'),
('Schlettau', 'Saxony'),
('Schleusingen', 'Thuringia'),
('Schlieben', 'Brandenburg'),
('Schlitz', 'Hesse'),
('Schloß Holte-Stukenbrock', 'North Rhine-Westphalia'),
('Schlüchtern', 'Hesse'),
('Schlüsselfeld', 'Bavaria'),
('Schmalkalden', 'Thuringia'),
('Schmallenberg', 'North Rhine-Westphalia'),
('Schmölln', 'Thuringia'),
('Schnackenburg', 'Lower Saxony'),
('Schnaittenbach', 'Bavaria'),
('Schneeberg', 'Saxony'),
('Schneverdingen', 'Lower Saxony'),
('Schongau', 'Bavaria'),
('Schopfheim', 'Baden-Württemberg'),
('Schorndorf', 'Baden-Württemberg'),
('Schortens', 'Lower Saxony'),
('Schotten', 'Hesse'),
('Schramberg', 'Baden-Württemberg'),
('Schraplau', 'Saxony-Anhalt'),
('Schriesheim', 'Baden-Württemberg'),
('Schrobenhausen', 'Bavaria'),
('Schrozberg', 'Baden-Württemberg'),
('Schwaan', 'Mecklenburg-Western Pomerania'),
('Schwabach', 'Bavaria'),
('Schwabmünchen', 'Bavaria'),
('Schwaigern', 'Baden-Württemberg'),
('Schwalbach am Taunus', 'Hesse'),
('Schwalmstadt', 'Hesse'),
('Schwandorf', 'Bavaria'),
('Schwanebeck', 'Saxony-Anhalt'),
('Schwarzatal', 'Thuringia'),
('Schwarzenbach a.Wald', 'Bavaria'),
('Schwarzenbach a.d.Saale', 'Bavaria'),
('Schwarzenbek', 'Schleswig-Holstein'),
('Schwarzenberg', 'Saxony'),
('Schwarzenborn', 'Hesse'),
('Schwarzheide', 'Brandenburg'),
('Schwedt', 'Brandenburg'),
('Schweich', 'Rhineland-Palatinate'),
('Schweinfurt', 'Bavaria'),
('Schwelm', 'North Rhine-Westphalia'),
('Schwentinental', 'Schleswig-Holstein'),
('Schwerin', 'Mecklenburg-Western Pomerania'),
('Schwerte', 'North Rhine-Westphalia'),
('Schwetzingen', 'Baden-Württemberg'),
('Schwäbisch Gmünd', 'Baden-Württemberg'),
('Schwäbisch Hall', 'Baden-Württemberg'),
('Schömberg', 'Baden-Württemberg'),
('Schönau im Schwarzwald', 'Baden-Württemberg'),
('Schönau', 'Baden-Württemberg'),
('Schönberg', 'Mecklenburg-Western Pomerania'),
('Schönebeck', 'Saxony-Anhalt'),
('Schöneck', 'Saxony'),
('Schönewalde', 'Brandenburg'),
('Schöningen', 'Lower Saxony'),
('Schönsee', 'Bavaria'),
('Schönwald', 'Bavaria'),
('Schöppenstedt', 'Lower Saxony'),
('Schüttorf', 'Lower Saxony'),
('Sebnitz', 'Saxony'),
('Seehausen', 'Saxony-Anhalt'),
('Seeland', 'Saxony-Anhalt'),
('Seelow', 'Brandenburg'),
('Seelze', 'Lower Saxony'),
('Seesen', 'Lower Saxony'),
('Sehnde', 'Lower Saxony'),
('Seifhennersdorf', 'Saxony'),
('Selbitz', 'Bavaria'),
('Selb', 'Bavaria'),
('Seligenstadt', 'Hesse'),
('Selm', 'North Rhine-Westphalia'),
('Selters', 'Rhineland-Palatinate'),
('Sendenhorst', 'North Rhine-Westphalia'),
('Senden', 'Bavaria'),
('Senftenberg', 'Brandenburg'),
('Seßlach', 'Bavaria'),
('Siegburg', 'North Rhine-Westphalia'),
('Siegen', 'North Rhine-Westphalia'),
('Sigmaringen', 'Baden-Württemberg'),
('Simbach am Inn', 'Bavaria'),
('Simmern', 'Rhineland-Palatinate'),
('Sindelfingen', 'Baden-Württemberg'),
('Singen', 'Baden-Württemberg'),
('Sinsheim', 'Baden-Württemberg'),
('Sinzig', 'Rhineland-Palatinate'),
('Soest', 'North Rhine-Westphalia'),
('Solingen', 'North Rhine-Westphalia'),
('Solms', 'Hesse'),
('Soltau', 'Lower Saxony'),
('Sondershausen', 'Thuringia'),
('Sonneberg', 'Thuringia'),
('Sonnewalde', 'Brandenburg'),
('Sonthofen', 'Bavaria'),
('Sontra', 'Hesse'),
('Spaichingen', 'Baden-Württemberg'),
('Spalt', 'Bavaria'),
('Spangenberg', 'Hesse'),
('Speicher', 'Rhineland-Palatinate'),
('Spenge', 'North Rhine-Westphalia'),
('Speyer', 'Rhineland-Palatinate'),
('Spremberg', 'Brandenburg'),
('Springe', 'Lower Saxony'),
('Sprockhövel', 'North Rhine-Westphalia'),
('Stadt Tegernsee', 'Bavaria'),
('Stadt Wehlen', 'Saxony'),
('Stadtallendorf', 'Hesse'),
('Stadtbergen', 'Bavaria'),
('Stadthagen', 'Lower Saxony'),
('Stadtilm', 'Thuringia'),
('Stadtlohn', 'North Rhine-Westphalia'),
('Stadtoldendorf', 'Lower Saxony'),
('Stadtprozelten', 'Bavaria'),
('Stadtroda', 'Thuringia'),
('Stadtsteinach', 'Bavaria'),
('Starnberg', 'Bavaria'),
('Staufen im Breisgau', 'Baden-Württemberg'),
('Staufenberg', 'Hesse'),
('Stavenhagen', 'Mecklenburg-Western Pomerania'),
('Staßfurt', 'Saxony-Anhalt'),
('Steinach', 'Thuringia'),
('Steinau an der Straße', 'Hesse'),
('Steinbach-Hallenberg', 'Thuringia'),
('Steinbach', 'Hesse'),
('Steinfurt', 'North Rhine-Westphalia'),
('Steinheim an der Murr', 'Baden-Württemberg'),
('Steinheim', 'North Rhine-Westphalia'),
('Stein', 'Bavaria'),
('Stendal', 'Saxony-Anhalt'),
('Sternberg', 'Mecklenburg-Western Pomerania'),
('Stockach', 'Baden-Württemberg'),
('Stolberg', 'North Rhine-Westphalia'),
('Stollberg', 'Saxony'),
('Stolpen', 'Saxony'),
('Storkow', 'Brandenburg'),
('Straelen', 'North Rhine-Westphalia'),
('Stralsund', 'Mecklenburg-Western Pomerania'),
('Strasburg', 'Mecklenburg-Western Pomerania'),
('Straubing', 'Bavaria'),
('Strausberg', 'Brandenburg'),
('Strehla', 'Saxony'),
('Stromberg', 'Rhineland-Palatinate'),
('Stutensee', 'Baden-Württemberg'),
('Stuttgart', 'Baden-Württemberg'),
('Stößen', 'Saxony-Anhalt'),
('Stühlingen', 'Baden-Württemberg'),
('Suhl', 'Thuringia'),
('Sulingen', 'Lower Saxony'),
('Sulz am Neckar', 'Baden-Württemberg'),
('Sulzbach-Rosenberg', 'Bavaria'),
('Sulzbach', 'Saarland'),
('Sulzburg', 'Baden-Württemberg'),
('Sundern', 'North Rhine-Westphalia'),
('Syke', 'Lower Saxony'),
('Sömmerda', 'Thuringia'),
('Südliches Anhalt', 'Saxony-Anhalt'),
('Süßen', 'Baden-Württemberg'),
('Tambach-Dietharz', 'Thuringia'),
('Tangerhütte', 'Saxony-Anhalt'),
('Tangermünde', 'Saxony-Anhalt'),
('Tann (Rhön)', 'Hesse'),
('Tanna', 'Thuringia'),
('Tauberbischofsheim', 'Baden-Württemberg'),
('Taucha', 'Saxony'),
('Taunusstein', 'Hesse'),
('Tecklenburg', 'North Rhine-Westphalia'),
('Telgte', 'North Rhine-Westphalia'),
('Teltow', 'Brandenburg'),
('Templin', 'Brandenburg'),
('Tengen', 'Baden-Württemberg'),
('Tessin', 'Mecklenburg-Western Pomerania'),
('Teterow', 'Mecklenburg-Western Pomerania'),
('Tettnang', 'Baden-Württemberg'),
('Teublitz', 'Bavaria'),
('Teuchern', 'Saxony-Anhalt'),
('Teupitz', 'Brandenburg'),
('Teuschnitz', 'Bavaria'),
('Thale', 'Saxony-Anhalt'),
('Thalheim', 'Saxony'),
('Thannhausen', 'Bavaria'),
('Tharandt', 'Saxony'),
('Themar', 'Thuringia'),
('Thum', 'Saxony'),
('Tirschenreuth', 'Bavaria'),
('Titisee-Neustadt', 'Baden-Württemberg'),
('Tittmoning', 'Bavaria'),
('Todtnau', 'Baden-Württemberg'),
('Torgau', 'Saxony'),
('Torgelow', 'Mecklenburg-Western Pomerania'),
('Tornesch', 'Schleswig-Holstein'),
('Traben-Trarbach', 'Rhineland-Palatinate'),
('Traunreut', 'Bavaria'),
('Traunstein', 'Bavaria'),
('Trebbin', 'Brandenburg'),
('Trebsen', 'Saxony'),
('Treffurt', 'Thuringia'),
('Trendelburg', 'Hesse'),
('Treuchtlingen', 'Bavaria'),
('Treuenbrietzen', 'Brandenburg'),
('Treuen', 'Saxony'),
('Triberg im Schwarzwald', 'Baden-Württemberg'),
('Tribsees', 'Mecklenburg-Western Pomerania'),
('Trier', 'Rhineland-Palatinate'),
('Triptis', 'Thuringia'),
('Trochtelfingen', 'Baden-Württemberg'),
('Troisdorf', 'North Rhine-Westphalia'),
('Trossingen', 'Baden-Württemberg'),
('Trostberg', 'Bavaria'),
('Tuttlingen', 'Baden-Württemberg'),
('Twistringen', 'Lower Saxony'),
('Töging am Inn', 'Bavaria'),
('Tönisvorst', 'North Rhine-Westphalia'),
('TönningTønning / Taning', 'Schleswig-Holstein'),
('Tübingen', 'Baden-Württemberg'),
('Uebigau-Wahrenbrück', 'Brandenburg'),
('Ueckermünde', 'Mecklenburg-Western Pomerania'),
('Uelzen', 'Lower Saxony'),
('Uetersen', 'Schleswig-Holstein'),
('Uffenheim', 'Bavaria'),
('Uhingen', 'Baden-Württemberg'),
('Ulmen', 'Rhineland-Palatinate'),
('Ulm', 'Baden-Württemberg'),
('Ulrichstein', 'Hesse'),
('Ummerstadt', 'Thuringia'),
('Unkel', 'Rhineland-Palatinate'),
('Unna', 'North Rhine-Westphalia'),
('Unterschleißheim', 'Bavaria'),
('Usedom', 'Mecklenburg-Western Pomerania'),
('Usingen', 'Hesse'),
('Uslar', 'Lower Saxony'),
('Vacha', 'Thuringia'),
('Vaihingen an der Enz', 'Baden-Württemberg'),
('Vallendar', 'Rhineland-Palatinate'),
('Varel', 'Lower Saxony'),
('Vechta', 'Lower Saxony'),
('Velbert', 'North Rhine-Westphalia'),
('Velburg', 'Bavaria'),
('Velden', 'Bavaria'),
('Velen', 'North Rhine-Westphalia'),
('Vellberg', 'Baden-Württemberg'),
('Vellmar', 'Hesse'),
('Velten', 'Brandenburg'),
('Verden an der Aller', 'Lower Saxony'),
('Veringenstadt', 'Baden-Württemberg'),
('Verl', 'North Rhine-Westphalia'),
('Versmold', 'North Rhine-Westphalia'),
('Vetschau', 'Brandenburg'),
('Viechtach', 'Bavaria'),
('Viernheim', 'Hesse'),
('Viersen', 'North Rhine-Westphalia'),
('Villingen-Schwenningen', 'Baden-Württemberg'),
('Vilsbiburg', 'Bavaria'),
('Vilseck', 'Bavaria'),
('Vilshofen an der Donau', 'Bavaria'),
('Visselhövede', 'Lower Saxony'),
('Vlotho', 'North Rhine-Westphalia'),
('Voerde', 'North Rhine-Westphalia'),
('Vogtsburg', 'Baden-Württemberg'),
('Vohburg a.d.Donau', 'Bavaria'),
('Vohenstrauß', 'Bavaria'),
('Volkach', 'Bavaria'),
('Volkmarsen', 'Hesse'),
('Vreden', 'North Rhine-Westphalia'),
('Vöhrenbach', 'Baden-Württemberg'),
('Vöhringen', 'Bavaria'),
('Völklingen', 'Saarland'),
('Wachenheim', 'Rhineland-Palatinate'),
('Wadern', 'Saarland'),
('Waghäusel', 'Baden-Württemberg'),
('Wahlstedt', 'Schleswig-Holstein'),
('Waiblingen', 'Baden-Württemberg'),
('Waibstadt', 'Baden-Württemberg'),
('Waischenfeld', 'Bavaria'),
('Waldbröl', 'North Rhine-Westphalia'),
('Waldeck', 'Hesse'),
('Waldenbuch', 'Baden-Württemberg'),
('Waldenburg', 'Baden-Württemberg'),
('Waldenburg', 'Saxony'),
('Waldershof', 'Bavaria'),
('Waldheim', 'Saxony'),
('Waldkappel', 'Hesse'),
('Waldkirchen', 'Bavaria'),
('Waldkirch', 'Baden-Württemberg'),
('Waldkraiburg', 'Bavaria'),
('Waldmohr', 'Rhineland-Palatinate'),
('Waldmünchen', 'Bavaria'),
('Waldsassen', 'Bavaria'),
('Waldshut-Tiengen', 'Baden-Württemberg'),
('Walldorf', 'Baden-Württemberg'),
('Walldürn', 'Baden-Württemberg'),
('Wallenfels', 'Bavaria'),
('Walsrode', 'Lower Saxony'),
('Waltershausen', 'Thuringia'),
('Waltrop', 'North Rhine-Westphalia'),
('Wanfried', 'Hesse'),
('Wangen im Allgäu', 'Baden-Württemberg'),
('Wanzleben-Börde', 'Saxony-Anhalt'),
('Warburg', 'North Rhine-Westphalia'),
('Warendorf', 'North Rhine-Westphalia'),
('Waren', 'Mecklenburg-Western Pomerania'),
('Warin', 'Mecklenburg-Western Pomerania'),
('Warstein', 'North Rhine-Westphalia'),
('Wassenberg', 'North Rhine-Westphalia'),
('Wasserburg am Inn', 'Bavaria'),
('Wassertrüdingen', 'Bavaria'),
('Wasungen', 'Thuringia'),
('Wedel', 'Schleswig-Holstein'),
('Weener', 'Lower Saxony'),
('Wegberg', 'North Rhine-Westphalia'),
('Wegeleben', 'Saxony-Anhalt'),
('Wehr', 'Baden-Württemberg'),
('Weida', 'Thuringia'),
('Weiden in der Oberpfalz', 'Bavaria'),
('Weikersheim', 'Baden-Württemberg'),
('Weil am Rhein, Germany', 'Baden-Württemberg'),
('Weil der Stadt', 'Baden-Württemberg'),
('Weilburg', 'Hesse'),
('Weilheim an der Teck', 'Baden-Württemberg'),
('Weilheim in Oberbayern', 'Bavaria'),
('Weimar', 'Thuringia'),
('Weingarten', 'Baden-Württemberg'),
('Weinheim', 'Baden-Württemberg'),
('Weinsberg', 'Baden-Württemberg'),
('Weinstadt', 'Baden-Württemberg'),
('Weismain', 'Bavaria'),
('Weiterstadt', 'Hesse'),
('Weißenberg', 'Saxony'),
('Weißenburg in Bayern', 'Bavaria'),
('Weißenfels', 'Saxony-Anhalt'),
('Weißenhorn', 'Bavaria'),
('Weißensee', 'Thuringia'),
('Weißenstadt', 'Bavaria'),
('Weißenthurm', 'Rhineland-Palatinate'),
('Weißwasser', 'Saxony'),
('Welzheim', 'Baden-Württemberg'),
('Welzow', 'Brandenburg'),
('Wemding', 'Bavaria'),
('Wendlingen', 'Baden-Württemberg'),
('Werben', 'Saxony-Anhalt'),
('Werdau', 'Saxony'),
('Werder (Havel)', 'Brandenburg'),
('Werdohl', 'North Rhine-Westphalia'),
('Werlte', 'Lower Saxony'),
('Werl', 'North Rhine-Westphalia'),
('Wermelskirchen', 'North Rhine-Westphalia'),
('Wernau', 'Baden-Württemberg'),
('Werneuchen', 'Brandenburg'),
('Werne', 'North Rhine-Westphalia'),
('Wernigerode', 'Saxony-Anhalt'),
('Werra-Suhl-Tal', 'Thuringia'),
('Wertheim', 'Baden-Württemberg'),
('Werther (Westf.)', 'North Rhine-Westphalia'),
('Wertingen', 'Bavaria'),
('Wesel', 'North Rhine-Westphalia'),
('Wesenberg', 'Mecklenburg-Western Pomerania'),
('Wesselburen', 'Schleswig-Holstein'),
('Wesseling', 'North Rhine-Westphalia'),
('Westerburg', 'Rhineland-Palatinate'),
('Westerstede', 'Lower Saxony'),
('Wetter (Hessen)', 'Hesse'),
('Wetter', 'North Rhine-Westphalia'),
('Wettin-Löbejün', 'Saxony-Anhalt'),
('Wetzlar', 'Hesse'),
('Widdern', 'Baden-Württemberg'),
('Wiehl', 'North Rhine-Westphalia'),
('Wiesbaden', 'Hesse'),
('Wiesensteig', 'Baden-Württemberg'),
('Wiesloch', 'Baden-Württemberg'),
('Wiesmoor', 'Lower Saxony'),
('Wildau', 'Brandenburg'),
('Wildberg', 'Baden-Württemberg'),
('Wildenfels', 'Saxony'),
('Wildeshausen', 'Lower Saxony'),
('Wilhelmshaven', 'Lower Saxony'),
('Wilkau-Haßlau', 'Saxony'),
('Willebadessen', 'North Rhine-Westphalia'),
('Willich', 'North Rhine-Westphalia'),
('Wilsdruff', 'Saxony'),
('Wilster', 'Schleswig-Holstein'),
('Wilthen', 'Saxony'),
('Windischeschenbach', 'Bavaria'),
('Windsbach', 'Bavaria'),
('Winnenden', 'Baden-Württemberg'),
('Winsen', 'Lower Saxony'),
('Winterberg', 'North Rhine-Westphalia'),
('Wipperfürth', 'North Rhine-Westphalia'),
('Wirges', 'Rhineland-Palatinate'),
('Wismar', 'Mecklenburg-Western Pomerania'),
('Wissen', 'Rhineland-Palatinate'),
('Wittenberge', 'Brandenburg'),
('Wittenberg', 'Saxony-Anhalt'),
('Wittenburg', 'Mecklenburg-Western Pomerania'),
('Witten', 'North Rhine-Westphalia'),
('Wittichenau', 'Saxony'),
('Wittingen', 'Lower Saxony'),
('Wittlich', 'Rhineland-Palatinate'),
('Wittmund', 'Lower Saxony'),
('Wittstock', 'Brandenburg'),
('Witzenhausen, Germany', 'Hesse'),
('Woldegk', 'Mecklenburg-Western Pomerania'),
('Wolfach', 'Baden-Württemberg'),
('Wolfenbüttel', 'Lower Saxony'),
('Wolfhagen', 'Hesse'),
('Wolframs-Eschenbach', 'Bavaria'),
('Wolfratshausen', 'Bavaria'),
('Wolfsburg', 'Lower Saxony'),
('Wolfstein', 'Rhineland-Palatinate'),
('Wolgast', 'Mecklenburg-Western Pomerania'),
('Wolkenstein', 'Saxony'),
('Wolmirstedt', 'Saxony-Anhalt'),
('Worms', 'Rhineland-Palatinate'),
('Wriezen', 'Brandenburg'),
('Wunsiedel', 'Bavaria'),
('Wunstorf', 'Lower Saxony'),
('Wuppertal', 'North Rhine-Westphalia'),
('Wurzbach', 'Thuringia'),
('Wurzen', 'Saxony'),
('Wustrow', 'Lower Saxony'),
('Wyk auf Föhra Wik / Vyk', 'Schleswig-Holstein'),
('Wächtersbach', 'Hesse'),
('Wörrstadt', 'Rhineland-Palatinate'),
('Wörth am Main', 'Bavaria'),
('Wörth am Rhein', 'Rhineland-Palatinate'),
('Wörth an der Donau', 'Bavaria'),
('Wülfrath', 'North Rhine-Westphalia'),
('Würselen', 'North Rhine-Westphalia'),
('Würzburg', 'Bavaria'),
('Xanten', 'North Rhine-Westphalia'),
('Zahna-Elster', 'Saxony-Anhalt'),
('Zarrentin am Schaalsee', 'Mecklenburg-Western Pomerania'),
('Zehdenick', 'Brandenburg'),
('Zeil am Main', 'Bavaria'),
('Zeitz', 'Saxony-Anhalt'),
('Zell am Harmersbach', 'Baden-Württemberg'),
('Zell im Wiesental', 'Baden-Württemberg'),
('Zella-Mehlis', 'Thuringia'),
('Zell', 'Rhineland-Palatinate'),
('Zerbst', 'Saxony-Anhalt'),
('Zeulenroda-Triebes', 'Thuringia'),
('Zeven', 'Lower Saxony'),
('Ziegenrück', 'Thuringia'),
('Zierenberg', 'Hesse'),
('Ziesar', 'Brandenburg'),
('Zirndorf', 'Bavaria'),
('Zittau', 'Saxony'),
('Zossen', 'Brandenburg'),
('Zschopau', 'Saxony'),
('Zweibrücken', 'Rhineland-Palatinate'),
('Zwenkau', 'Saxony'),
('Zwickau', 'Saxony'),
('Zwiesel', 'Bavaria'),
('Zwingenberg', 'Hesse'),
('Zwönitz', 'Saxony'),
('Zörbig', 'Saxony-Anhalt'),
('Zülpich', 'North Rhine-Westphalia'),
('Öhringen', 'Baden-Württemberg'),
('Östringen', 'Baden-Württemberg'),
('Übach-Palenberg', 'North Rhine-Westphalia'),
('Überlingen', 'Baden-Württemberg');

-- --------------------------------------------------------

--
-- Table structure for table `notification`
--

CREATE TABLE `notification` (
  `id` int(11) NOT NULL,
  `subject` varchar(45) NOT NULL,
  `body` text NOT NULL,
  `user_id` int(11) NOT NULL,
  `status` tinyint(1) NOT NULL DEFAULT 0,
  `created_at` timestamp NOT NULL DEFAULT current_timestamp() ON UPDATE current_timestamp()
) ENGINE=InnoDB DEFAULT CHARSET=utf8mb4;

--
-- Dumping data for table `notification`
--

INSERT INTO `notification` (`id`, `subject`, `body`, `user_id`, `status`, `created_at`) VALUES
(9, 'new booking', 'new booking with id 44, check your booking page for more information', 12, 0, '2022-12-30 13:27:54'),
(11, 'new booking', 'new booking with id 45, check your booking page for more information', 12, 0, '2022-12-30 13:34:51'),
(12, 'booking', 'A booking with id 45 was removed from your list', 12, 0, '2022-12-30 13:35:17'),
(17, 'new user', 'user with id iobslk-i-KKeozROWnn', 11, 1, '2022-12-31 11:28:30'),
(18, 'new user', 'user with id ioioew-i-xlAOaJYh7Y', 11, 1, '2022-12-31 11:40:41'),
(19, 'new user', 'user with id iohow-e-B3gaF7ixhh', 11, 1, '2023-01-01 17:09:01'),
(20, 'new booking', 'new booking with id 45', 13, 0, '2023-01-07 10:28:32'),
(21, 'booking', 'A booking with id 39 was removed from your list', 13, 0, '2023-01-07 10:29:05'),
(22, 'new booking', 'new booking with id 39', 13, 0, '2023-01-07 10:29:05');

-- --------------------------------------------------------

--
-- Table structure for table `service_created`
--

CREATE TABLE `service_created` (
  `id` int(11) NOT NULL,
  `title` varchar(255) NOT NULL,
  `category_id` int(11) NOT NULL,
  `user_id` int(11) NOT NULL,
  `price` float NOT NULL,
  `description` text NOT NULL
) ENGINE=InnoDB DEFAULT CHARSET=utf8mb4;

--
-- Dumping data for table `service_created`
--

INSERT INTO `service_created` (`id`, `title`, `category_id`, `user_id`, `price`, `description`) VALUES
(120, 'bridal with cercles', 24, 13, 20, 'Lorem ipsum dolor sit amet consectetur, adipisicing elit.'),
(121, 'bridal with lotion', 24, 13, 50, 'Lorem ipsum dolor sit amet consectetur, adipisicing elit.'),
(122, 'rasta', 19, 13, 25, 'Lorem ipsum dolor sit amet consectetur, adipisicing elit. Dolorum officiis quae nesciunt voluptas animi molestias perspiciatis beatae nisi ipsa quaerat!'),
(128, 'hair color', 24, 14, 50, 'Lorem ipsum dolor sit amet consectetur, adipisicing elit.'),
(129, 'boucles', 19, 14, 13, 'Lorem ipsum dolor sit amet consectetur, adipisicing elit.'),
(130, 'love bridal ', 24, 16, 50, 'Lorem ipsum dolor sit amet consectetur, adipisicing elit.'),
(131, 'loko on fire and hood', 21, 16, 45, 'Lorem ipsum dolor sit amet consectetur, adipisicing elit.'),
(132, 'flowers on hair ', 21, 17, 80, 'Lorem ipsum dolor sit amet consectetur, adipisicing elit.'),
(133, 'colorful on spare', 20, 17, 150, 'Lorem ipsum dolor sit amet consectetur, adipisicing elit.'),
(136, 'boucles', 19, 12, 13, 'Lorem ipsum dolor sit amet consectetur, adipisicing elit.'),
(137, 'rasta', 19, 12, 25, 'Lorem ipsum dolor sit amet consectetur, adipisicing elit. Dolorum officiis quae nesciunt voluptas animi molestias perspiciatis beatae nisi ipsa quaerat!'),
(139, 'kllk', 27, 18, 50, 'igk');

-- --------------------------------------------------------

--
-- Table structure for table `service_proposal`
--

CREATE TABLE `service_proposal` (
  `id` int(11) NOT NULL,
  `title` varchar(255) NOT NULL,
  `category_id` int(11) NOT NULL,
  `price` float NOT NULL,
  `description` text NOT NULL
) ENGINE=InnoDB DEFAULT CHARSET=utf8mb4;

--
-- Dumping data for table `service_proposal`
--

INSERT INTO `service_proposal` (`id`, `title`, `category_id`, `price`, `description`) VALUES
(13, 'rasta', 19, 25, 'Lorem ipsum dolor sit amet consectetur, adipisicing elit. Dolorum officiis quae nesciunt voluptas animi molestias perspiciatis beatae nisi ipsa quaerat!'),
(14, 'boucles', 19, 13, 'Lorem ipsum dolor sit amet consectetur, adipisicing elit.');

-- --------------------------------------------------------

--
-- Table structure for table `token`
--

CREATE TABLE `token` (
  `id` int(11) NOT NULL,
  `token` varchar(255) NOT NULL,
  `user_id` int(11) NOT NULL,
  `expires` varchar(255) NOT NULL,
  `purpose` varchar(255) NOT NULL
) ENGINE=InnoDB DEFAULT CHARSET=utf8mb4;

--
-- Dumping data for table `token`
--

INSERT INTO `token` (`id`, `token`, `user_id`, `expires`, `purpose`) VALUES
(12, 'ffc05aa187125974fdba58998dae0ec17562abb5bd6b6645e50ff6805a5c5ad71878819c545370c2b4d5707f7fb5cc5e26b5617b0c9fe80855e08078c179756a', 11, '2022-12-11 15:51:35', 'password_reset'),
(13, '8e4461889c2a7ac28250c7635ee81186f124a8ca74ab6102cd1059ad6b23eb4c005615ad66682373bd18fe0e65c2cfb487e915f934514bb4ce766aa88d0268ae', 11, '2022-12-11 16:03:42', 'password_reset');

-- --------------------------------------------------------

--
-- Table structure for table `user`
--

CREATE TABLE `user` (
  `id` int(11) NOT NULL,
  `url_address` varchar(255) NOT NULL,
  `email` varchar(255) NOT NULL,
  `name` varchar(255) NOT NULL,
  `first_name` varchar(255) NOT NULL,
  `city` varchar(255) NOT NULL,
  `state` varchar(255) NOT NULL,
  `role` varchar(12) NOT NULL DEFAULT 'stylist',
  `picture` varchar(255) NOT NULL DEFAULT 'empty-profile.png',
  `years_exp` int(11) NOT NULL,
  `bio` text NOT NULL,
  `published` tinyint(4) NOT NULL DEFAULT 0,
  `joined` timestamp NOT NULL DEFAULT current_timestamp(),
  `price_starter` float NOT NULL,
  `city_of_work` varchar(255) NOT NULL,
  `adress` varchar(255) NOT NULL,
  `zip_code` varchar(255) NOT NULL,
  `tel` varchar(255) NOT NULL,
  `password` varchar(255) NOT NULL
) ENGINE=InnoDB DEFAULT CHARSET=utf8mb4;

--
-- Dumping data for table `user`
--

INSERT INTO `user` (`id`, `url_address`, `email`, `name`, `first_name`, `city`, `state`, `role`, `picture`, `years_exp`, `bio`, `published`, `joined`, `price_starter`, `city_of_work`, `adress`, `zip_code`, `tel`, `password`) VALUES
(11, 'zozo-m-7j6KbdzEIF', 'manomoumi@gmail.com', 'mano45', 'zozo', '', '', 'admin', 'empty-profile.png', 1, '', 0, '2022-11-30 23:47:14', 0, '', 'tkc rond point 7411', '4123', 'ugi', '$2y$10$6h48mEmNvbX49rozd30/H.aEi2FNXTiBjahqhMH/sZQ/CEaNqz3Tm'),
(12, 'tomy-j-yGOQaU4HtO', 'mano@gmail.com', 'koko', 'jolie456', 'Aalen', 'Baden-Württemberg', 'stylist', 'empty-profile.png', 1, 'Lorem ipsum dolor sit amet consectetur, adipisicing elit.', 1, '2022-12-09 15:02:06', 50, 'Aalen Baden-Württemberg', 'tkc rond point 7411', '4123', '237 6954 666 52', '$2y$10$PaxldEEXTRVgKKUW2Ne6QuChWhkO2Fhf6X.QTQOfnprn.b.Pakg2G'),
(13, 'marc-s-oYP10cE692', 'molo@gmail.com', 'sofack', 'rose', 'Aach', 'Baden-Württemberg', 'stylist', 'pic-2.png', 1, 'Lorem ipsum dolor sit amet consectetur, adipisicing elit.', 1, '2022-12-09 15:02:58', 10, 'Aach Baden-Württemberg', 'london 456', '45663', '237 6954 666 52', '$2y$10$L8PrN3rUueSQGCmCnDeMeu7qRfnAf8EEXG3sHYboEQ.kEIZ/noFn.'),
(14, 'luc-r-TfnNYgqd6O', 'manoahitenst@yahoo.fr', 'robinson', 'sarah', 'Bernau bei Berlin', 'Brandenburg', 'stylist', 'woman-1439909.jpg', 1, 'Lorem ipsum dolor sit amet consectetur, adipisicing elit.', 1, '2022-12-09 15:06:48', 50, 'Bernau bei Berlin Brandenburg', 'jean rue 13', '45687', '6354125789', '$2y$10$7dvT9DGi4hbbOcVGL95fse2FZPRCmJImn2vfZaOBWmZPldiyEPTr.'),
(16, 'joko-m-MS1OR8rokd', 'molo5236@gmail.com', 'moumi', 'joko', 'Berlin', 'Berlin', 'stylist', 'pexels-marlon-schmeiski-3839904.jpg', 1, 'Lorem ipsum dolor sit amet consectetur, adipisicing elit.', 1, '2022-12-09 15:07:53', 36, 'Berlin Berlin', 'kjkgagiogsioagsiowgiodwhqodhqwiodioqh qwihdo qhwpoqjp dqpo dhqp h pqhi qh diohqo', '4123', '632589797', '$2y$10$v/V6joKH9Z9buzvNVE48COB9fNrLLAHeROq3Pl/ofKqEIITgzCYcO'),
(17, 'tenor-j-C1yKNsdea5', 'yoshhajabi@thenetninja.co.uk', 'jean-marc', 'tenor', 'Achim', 'Lower Saxony', 'stylist', 'user-img.png', 4, 'Lorem ipsum dolor sit amet consectetur, adipisicing elit.', 1, '2022-12-09 15:09:20', 200, 'Achim Lower Saxony', 'jweblk', '41', '237 6954 666 52', '$2y$10$keAdiHtaX4ARbWQ6osEmH.3HnxVn4x3cjyb6oXmqE43kwnF2DgW/O'),
(18, 'loic-t-kspeigClPC', 'loictalla@gmail.com', 'talla', 'loic', 'Aurich', 'Lower Saxony', 'stylist', 'pexels-angela-roma-73192941.jpg', 10, 'kiuqgiugsa', 1, '2022-12-19 10:57:01', 50, 'Aurich Lower Saxony', 'etoug-ebe', '78930255', '237 6954 666 52', '$2y$10$z.nZuBD.WDPfsTdw5LpJyumLwtlLToYY52rPAlT13bpBriXzVpUuC'),
(19, 'jikioo-g-lSdsNI0WkN', 'yosh7777777777i@thenetninja.co.uk', 'gojo', 'jikioo', '', '', 'stylist', 'empty-profile.png', 0, '', 0, '2022-12-30 11:39:15', 0, '', 'lorbin789', '418632', '84849', '$2y$10$ibMa066SDZjJyk169km85OS/d4/j6XnThTlUAMVbcsjMyQI3Gk.3e'),
(20, 'joko-m-vX6ZljE34M', 'yoseewewewhi@thenetninja.co.uk', 'mano', 'joko', '', '', 'stylist', 'empty-profile.png', 0, '', 0, '2022-12-30 11:40:21', 0, '', 'kqbk', '', '237 6954 666 52', '$2y$10$PuhNMpsRdInAMwZ.z.ojUOAPkw8EUOIbP0.7ucuPQxw6dM9vOiyB2'),
(21, 'zozo-m-aYl0LvpUQB', 'mol6866o@gmail.com', 'manologue', 'zozo', '', '', 'stylist', 'empty-profile.png', 0, '', 0, '2022-12-30 11:43:39', 0, '', 'jweblk', '959+5+', 'ugi', '$2y$10$zojbWgNS5D0J2.5OFyG.xevPJxS/mVX1jP/VuI97GR.QVXXJVPTOO'),
(22, 'jolp-t-7oPWOlozb6', 'm89849olo@gmail.com', 'test', 'jolp', '', '', 'stylist', 'empty-profile.png', 0, '', 0, '2022-12-30 11:51:11', 0, '', 'kqbk', '41', '237 6954 666 52', '$2y$10$4kXpmeVtMmxjKWHRsmJU7OjAIofSvjrd6gU/B4RjvO7lk9CceUj4.'),
(23, 'moumi444-l-QrYT8KgtCd', 'mogiigiolo@gmail.com', 'loic', 'moumi444', '', '', 'stylist', 'empty-profile.png', 0, '', 0, '2022-12-30 11:52:37', 0, '', 'tkc rond point ', '', '237 6954 666 52', '$2y$10$RP3TzGyzqQqSiqAQuZHIrer8LJ59cemF.7Fknhru/ciNFh/iVLgaS'),
(24, 'moumi444-l-Gj4atyOhCX', 'yos78489hi@thenetninja.co.uk', 'loic', 'moumi444', '', '', 'stylist', 'empty-profile.png', 0, '', 0, '2022-12-30 11:54:00', 0, '', 'jweblk', '4563', '237 6954 666 52', '$2y$10$pcjhbSjMvDut0rTrP8IMle8FJBVnQ2uSIJ0O0mS/HmfE4xMHHrb52'),
(25, 'zozo-l-GvozOxw1nj', 'yos5468489hi@thenetninja.co.uk', 'loic', 'zozo', '', '', 'stylist', 'empty-profile.png', 0, '', 0, '2022-12-30 12:10:17', 0, '', 'tkc rond point ', '959+5+', '789798', '$2y$10$8ywyeY48fIeH1bGaBEO.qOEsEDDMQ.tkZpXsQaYhboJ8/5PnRLfOG'),
(26, 'lih9oo-h-6eEpAKTOvd', 'kpo@gmail.com', 'hohoi', 'lih9oo', '', '', 'stylist', 'empty-profile.png', 0, '', 0, '2022-12-31 10:22:39', 0, '', 'goi', '522', '6384894894', '$2y$10$hlvKGfw24ri0ce/aPh3dY.ComWs1e1A/aIFQ/gB4Z4WGAcLVMApB2'),
(27, 'knoil-b-eP9udKDu7b', 'hkiub@gmail.com', 'biub', 'knoil', '', '', 'stylist', 'empty-profile.png', 0, '', 0, '2022-12-31 10:27:29', 0, '', 'iohio', 'biubviu', '749849+', '$2y$10$TT2jfHUXqXINaNaCdj9HHeuV7CtDcgBgLQ3exO7JdYwusc4ulHgB2'),
(28, 'ufuivj-q-bdgxmkBXEd', 'uuibui@gmail.com', 'qogiu', 'ufuivj', '', '', 'stylist', 'empty-profile.png', 0, '', 0, '2022-12-31 10:32:01', 0, '', 'ioqbioq', 'iobqio', '6+49849', '$2y$10$Tentl74x6hANf8w3jbkGVu8FaizKrxSKLBgfVd5IOr.qXZ5wBQ8DG'),
(29, 'iobslk-i-KKeozROWnn', 'jksbxs@gmail.com', 'iochosid', 'iobslk', '', '', 'stylist', 'empty-profile.png', 0, '', 0, '2022-12-31 11:11:04', 0, '', 'icbi', '654984', '8984894848', '$2y$10$Ovk0RIiplcR8/cv5OoPnv.FADflmKbdGD.0OqJOOpCrxZbRUybNJu'),
(30, 'ioioew-i-xlAOaJYh7Y', 'klksboia@gmail.com', 'iodboiw', 'ioioew', '', '', 'stylist', 'empty-profile.png', 0, '', 0, '2022-12-31 11:39:51', 0, '', 'biobd', '787', '9+5598', '$2y$10$KtmSBA00IoMOAZ99pGgEPe3pZbfuyPuxX.GrSQGPWWt7/vTxrQ2pS'),
(31, 'iohow-e-B3gaF7ixhh', 'js@gmail.com', 'eowdhewo', 'iohow', '', '', 'stylist', 'empty-profile.png', 0, '', 0, '2023-01-01 17:08:40', 0, '', 'eoew', '565', '543643', '$2y$10$YdKcql6PX4QqiFA9isMMgeuI7h3sg1ORlYl5YvhOXwSEDsBAqe4J6');

-- --------------------------------------------------------

--
-- Table structure for table `user_category`
--

CREATE TABLE `user_category` (
  `id` int(11) NOT NULL,
  `user_id` int(11) NOT NULL,
  `category_id` int(11) NOT NULL
) ENGINE=InnoDB DEFAULT CHARSET=utf8mb4;

--
-- Dumping data for table `user_category`
--

INSERT INTO `user_category` (`id`, `user_id`, `category_id`) VALUES
(31, 13, 24),
(32, 13, 19),
(37, 14, 24),
(38, 14, 19),
(39, 16, 24),
(40, 16, 21),
(41, 17, 21),
(42, 17, 20),
(45, 12, 19),
(47, 18, 27);

-- --------------------------------------------------------

--
-- Table structure for table `user_day`
--

CREATE TABLE `user_day` (
  `id` int(11) NOT NULL,
  `user_id` int(11) NOT NULL,
  `day_id` int(11) NOT NULL,
  `time` varchar(45) NOT NULL
) ENGINE=InnoDB DEFAULT CHARSET=utf8mb4;

--
-- Dumping data for table `user_day`
--

INSERT INTO `user_day` (`id`, `user_id`, `day_id`, `time`) VALUES
(24, 13, 1, '7:00'),
(25, 13, 3, '10:00-15:00'),
(26, 13, 4, '11:00-11:30'),
(27, 12, 2, '9:30-14:30'),
(28, 12, 3, '10:00-11:00'),
(29, 12, 7, '11:30-20:00'),
(30, 14, 1, '7:00-13:30'),
(31, 14, 5, '14:00-21:00'),
(32, 16, 4, '11:00-14:00'),
(33, 16, 3, '7:00-8:30'),
(34, 16, 1, '12:00-12:30'),
(35, 16, 2, '7:00-23:30'),
(36, 16, 5, '10:30-12:30'),
(37, 16, 6, '7:00-10:00'),
(38, 16, 7, '14:00-17:30'),
(39, 17, 3, '7:00-13:00'),
(40, 17, 6, '13:30-21:00'),
(41, 18, 2, '7:00');

--
-- Indexes for dumped tables
--

--
-- Indexes for table `blog`
--
ALTER TABLE `blog`
  ADD PRIMARY KEY (`id`),
  ADD KEY `categoty_id` (`categoty_id`);

--
-- Indexes for table `booking`
--
ALTER TABLE `booking`
  ADD PRIMARY KEY (`id`),
  ADD KEY `user_id` (`user_id`);

--
-- Indexes for table `booking_report`
--
ALTER TABLE `booking_report`
  ADD PRIMARY KEY (`id`),
  ADD KEY `booking_id` (`booking_id`);

--
-- Indexes for table `category`
--
ALTER TABLE `category`
  ADD PRIMARY KEY (`id`),
  ADD UNIQUE KEY `title` (`title`),
  ADD UNIQUE KEY `seo_title` (`seo_title`);

--
-- Indexes for table `day`
--
ALTER TABLE `day`
  ADD PRIMARY KEY (`id`);

--
-- Indexes for table `gallery`
--
ALTER TABLE `gallery`
  ADD PRIMARY KEY (`id`),
  ADD KEY `user_id` (`user_id`);

--
-- Indexes for table `notification`
--
ALTER TABLE `notification`
  ADD PRIMARY KEY (`id`),
  ADD KEY `user_id` (`user_id`);

--
-- Indexes for table `service_created`
--
ALTER TABLE `service_created`
  ADD PRIMARY KEY (`id`),
  ADD KEY `category_id` (`category_id`),
  ADD KEY `user_id` (`user_id`);

--
-- Indexes for table `service_proposal`
--
ALTER TABLE `service_proposal`
  ADD PRIMARY KEY (`id`),
  ADD KEY `category_id` (`category_id`),
  ADD KEY `category_id_2` (`category_id`);

--
-- Indexes for table `token`
--
ALTER TABLE `token`
  ADD PRIMARY KEY (`id`);

--
-- Indexes for table `user`
--
ALTER TABLE `user`
  ADD PRIMARY KEY (`id`),
  ADD UNIQUE KEY `email` (`email`),
  ADD UNIQUE KEY `url_address` (`url_address`);

--
-- Indexes for table `user_category`
--
ALTER TABLE `user_category`
  ADD PRIMARY KEY (`id`),
  ADD KEY `user_id` (`user_id`),
  ADD KEY `category_id` (`category_id`);

--
-- Indexes for table `user_day`
--
ALTER TABLE `user_day`
  ADD PRIMARY KEY (`id`),
  ADD KEY `user_id` (`user_id`),
  ADD KEY `date_id` (`day_id`);

--
-- AUTO_INCREMENT for dumped tables
--

--
-- AUTO_INCREMENT for table `blog`
--
ALTER TABLE `blog`
  MODIFY `id` int(11) NOT NULL AUTO_INCREMENT;

--
-- AUTO_INCREMENT for table `booking`
--
ALTER TABLE `booking`
  MODIFY `id` int(11) NOT NULL AUTO_INCREMENT, AUTO_INCREMENT=46;

--
-- AUTO_INCREMENT for table `booking_report`
--
ALTER TABLE `booking_report`
  MODIFY `id` int(11) NOT NULL AUTO_INCREMENT, AUTO_INCREMENT=43;

--
-- AUTO_INCREMENT for table `category`
--
ALTER TABLE `category`
  MODIFY `id` int(11) NOT NULL AUTO_INCREMENT, AUTO_INCREMENT=28;

--
-- AUTO_INCREMENT for table `day`
--
ALTER TABLE `day`
  MODIFY `id` int(11) NOT NULL AUTO_INCREMENT, AUTO_INCREMENT=8;

--
-- AUTO_INCREMENT for table `gallery`
--
ALTER TABLE `gallery`
  MODIFY `id` int(11) NOT NULL AUTO_INCREMENT, AUTO_INCREMENT=46;

--
-- AUTO_INCREMENT for table `notification`
--
ALTER TABLE `notification`
  MODIFY `id` int(11) NOT NULL AUTO_INCREMENT, AUTO_INCREMENT=23;

--
-- AUTO_INCREMENT for table `service_created`
--
ALTER TABLE `service_created`
  MODIFY `id` int(11) NOT NULL AUTO_INCREMENT, AUTO_INCREMENT=140;

--
-- AUTO_INCREMENT for table `service_proposal`
--
ALTER TABLE `service_proposal`
  MODIFY `id` int(11) NOT NULL AUTO_INCREMENT, AUTO_INCREMENT=17;

--
-- AUTO_INCREMENT for table `token`
--
ALTER TABLE `token`
  MODIFY `id` int(11) NOT NULL AUTO_INCREMENT, AUTO_INCREMENT=14;

--
-- AUTO_INCREMENT for table `user`
--
ALTER TABLE `user`
  MODIFY `id` int(11) NOT NULL AUTO_INCREMENT, AUTO_INCREMENT=32;

--
-- AUTO_INCREMENT for table `user_category`
--
ALTER TABLE `user_category`
  MODIFY `id` int(11) NOT NULL AUTO_INCREMENT, AUTO_INCREMENT=48;

--
-- AUTO_INCREMENT for table `user_day`
--
ALTER TABLE `user_day`
  MODIFY `id` int(11) NOT NULL AUTO_INCREMENT, AUTO_INCREMENT=42;

--
-- Constraints for dumped tables
--

--
-- Constraints for table `blog`
--
ALTER TABLE `blog`
  ADD CONSTRAINT `blog_ibfk_1` FOREIGN KEY (`categoty_id`) REFERENCES `category` (`id`) ON DELETE CASCADE;

--
-- Constraints for table `booking`
--
ALTER TABLE `booking`
  ADD CONSTRAINT `booking_ibfk_1` FOREIGN KEY (`user_id`) REFERENCES `user` (`id`) ON DELETE NO ACTION;

--
-- Constraints for table `booking_report`
--
ALTER TABLE `booking_report`
  ADD CONSTRAINT `booking_report_ibfk_1` FOREIGN KEY (`booking_id`) REFERENCES `booking` (`id`) ON DELETE NO ACTION;

--
-- Constraints for table `gallery`
--
ALTER TABLE `gallery`
  ADD CONSTRAINT `gallery_ibfk_1` FOREIGN KEY (`user_id`) REFERENCES `user` (`id`) ON DELETE CASCADE;

--
-- Constraints for table `notification`
--
ALTER TABLE `notification`
  ADD CONSTRAINT `notification_ibfk_1` FOREIGN KEY (`user_id`) REFERENCES `user` (`id`) ON DELETE NO ACTION;

--
-- Constraints for table `service_created`
--
ALTER TABLE `service_created`
  ADD CONSTRAINT `service_created_ibfk_1` FOREIGN KEY (`category_id`) REFERENCES `category` (`id`),
  ADD CONSTRAINT `service_created_ibfk_2` FOREIGN KEY (`user_id`) REFERENCES `user` (`id`) ON DELETE CASCADE;

--
-- Constraints for table `service_proposal`
--
ALTER TABLE `service_proposal`
  ADD CONSTRAINT `service_proposal_ibfk_1` FOREIGN KEY (`category_id`) REFERENCES `category` (`id`) ON DELETE CASCADE;

--
-- Constraints for table `user_category`
--
ALTER TABLE `user_category`
  ADD CONSTRAINT `user_category_ibfk_1` FOREIGN KEY (`category_id`) REFERENCES `category` (`id`) ON DELETE CASCADE,
  ADD CONSTRAINT `user_category_ibfk_2` FOREIGN KEY (`user_id`) REFERENCES `user` (`id`) ON DELETE CASCADE;

--
-- Constraints for table `user_day`
--
ALTER TABLE `user_day`
  ADD CONSTRAINT `user_day_ibfk_1` FOREIGN KEY (`day_id`) REFERENCES `day` (`id`) ON DELETE CASCADE,
  ADD CONSTRAINT `user_day_ibfk_2` FOREIGN KEY (`user_id`) REFERENCES `user` (`id`) ON DELETE CASCADE;
COMMIT;

/*!40101 SET CHARACTER_SET_CLIENT=@OLD_CHARACTER_SET_CLIENT */;
/*!40101 SET CHARACTER_SET_RESULTS=@OLD_CHARACTER_SET_RESULTS */;
/*!40101 SET COLLATION_CONNECTION=@OLD_COLLATION_CONNECTION */;
